dataset,clip_id,mode,epsilon,j,entropy,pixel_error
ssv2,124600,pure,0.0,2,2.389279842376709,0.31466469168663025
ssv2,124600,pure,0.0,4,2.377699613571167,0.3181116282939911
ssv2,124600,pure,0.0,6,2.33608341217041,0.32916170358657837
ssv2,124600,pure,0.0,8,2.2919623851776123,0.33369600772857666
ssv2,124600,pure,0.0,12,2.3319926261901855,0.32291486859321594
ssv2,124600,pure,0.0,16,2.2911036014556885,0.27641284465789795
ssv2,124600,pure,0.0,24,2.3664002418518066,0.2194242924451828
ssv2,124600,pure,0.0,32,2.3173208236694336,0.22094018757343292
ssv2,124600,pure,0.05,2,2.3897039890289307,0.31469276547431946
ssv2,124600,pure,0.05,4,2.377631187438965,0.31809794902801514
ssv2,124600,pure,0.05,6,2.3359365463256836,0.3291459083557129
ssv2,124600,pure,0.05,8,2.291733741760254,0.3336772620677948
ssv2,124600,pure,0.05,12,2.332226514816284,0.3229486346244812
ssv2,124600,pure,0.05,16,2.2909047603607178,0.2763844132423401
ssv2,124600,pure,0.05,24,2.3661460876464844,0.21942570805549622
ssv2,124600,pure,0.05,32,2.3170676231384277,0.22095221281051636
ssv2,124600,pure,0.1,2,2.3888907432556152,0.3146440386772156
ssv2,124600,pure,0.1,4,2.3773458003997803,0.31816163659095764
ssv2,124600,pure,0.1,6,2.3361639976501465,0.3292110860347748
ssv2,124600,pure,0.1,8,2.292154312133789,0.3337510824203491
ssv2,124600,pure,0.1,12,2.331808090209961,0.3229222595691681
ssv2,124600,pure,0.1,16,2.2916834354400635,0.2764703333377838
ssv2,124600,pure,0.1,24,2.366419792175293,0.21939292550086975
ssv2,124600,pure,0.1,32,2.3179361820220947,0.2209329456090927
ssv2,124600,pure,0.2,2,2.3879690170288086,0.3146578073501587
ssv2,124600,pure,0.2,4,2.3762929439544678,0.3181041181087494
ssv2,124600,pure,0.2,6,2.334587812423706,0.3292979896068573
ssv2,124600,pure,0.2,8,2.2902660369873047,0.33379295468330383
ssv2,124600,pure,0.2,12,2.330885171890259,0.32292136549949646
ssv2,124600,pure,0.2,16,2.2901692390441895,0.27650678157806396
ssv2,124600,pure,0.2,24,2.3657360076904297,0.21943490207195282
ssv2,124600,pure,0.2,32,2.316850423812866,0.22093670070171356
ssv2,124600,pure,0.4,2,2.390895366668701,0.3153255879878998
ssv2,124600,pure,0.4,4,2.376652240753174,0.31796449422836304
ssv2,124600,pure,0.4,6,2.3354432582855225,0.3292350172996521
ssv2,124600,pure,0.4,8,2.2894434928894043,0.33378440141677856
ssv2,124600,pure,0.4,12,2.3314433097839355,0.3235463798046112
ssv2,124600,pure,0.4,16,2.287473201751709,0.27641335129737854
ssv2,124600,pure,0.4,24,2.3644185066223145,0.21944651007652283
ssv2,124600,pure,0.4,32,2.317643404006958,0.22092953324317932
ssv2,124600,pure,0.8,2,2.384295701980591,0.31625625491142273
ssv2,124600,pure,0.8,4,2.3630731105804443,0.3187551498413086
ssv2,124600,pure,0.8,6,2.327119827270508,0.33028021454811096
ssv2,124600,pure,0.8,8,2.279146432876587,0.3348981738090515
ssv2,124600,pure,0.8,12,2.3256990909576416,0.3242354691028595
ssv2,124600,pure,0.8,16,2.276669502258301,0.27750837802886963
ssv2,124600,pure,0.8,24,2.355682611465454,0.21976584196090698
ssv2,124600,pure,0.8,32,2.3113622665405273,0.22105544805526733
ssv2,124600,corrected,0.0,2,2.456735849380493,0.30800342559814453
ssv2,124600,corrected,0.0,4,2.4372591972351074,0.30996769666671753
ssv2,124600,corrected,0.0,6,2.4468791484832764,0.32063156366348267
ssv2,124600,corrected,0.0,8,2.4082376956939697,0.32523027062416077
ssv2,124600,corrected,0.0,12,2.4381957054138184,0.3138493001461029
ssv2,124600,corrected,0.0,16,2.341738700866699,0.2692577838897705
ssv2,124600,corrected,0.0,24,2.4473876953125,0.22123673558235168
ssv2,124600,corrected,0.0,32,2.428447723388672,0.22340917587280273
ssv2,124600,corrected,0.05,2,2.4586830139160156,0.3080300986766815
ssv2,124600,corrected,0.05,4,2.438220500946045,0.3100348114967346
ssv2,124600,corrected,0.05,6,2.448727607727051,0.32077911496162415
ssv2,124600,corrected,0.05,8,2.4101505279541016,0.32536113262176514
ssv2,124600,corrected,0.05,12,2.440467357635498,0.3140057623386383
ssv2,124600,corrected,0.05,16,2.343101978302002,0.26942601799964905
ssv2,124600,corrected,0.05,24,2.4492604732513428,0.2213393896818161
ssv2,124600,corrected,0.05,32,2.4298336505889893,0.22350113093852997
ssv2,124600,corrected,0.1,2,2.45347261428833,0.30878204107284546
ssv2,124600,corrected,0.1,4,2.4340360164642334,0.310771107673645
ssv2,124600,corrected,0.1,6,2.4458532333374023,0.3213537335395813
ssv2,124600,corrected,0.1,8,2.4085683822631836,0.32587578892707825
ssv2,124600,corrected,0.1,12,2.4377126693725586,0.314649760723114
ssv2,124600,corrected,0.1,16,2.3405823707580566,0.2698798179626465
ssv2,124600,corrected,0.1,24,2.4475579261779785,0.22125868499279022
ssv2,124600,corrected,0.1,32,2.429999351501465,0.2234094887971878
ssv2,124600,corrected,0.2,2,2.461554765701294,0.3079060912132263
ssv2,124600,corrected,0.2,4,2.4443867206573486,0.30977296829223633
ssv2,124600,corrected,0.2,6,2.4522881507873535,0.3203084170818329
ssv2,124600,corrected,0.2,8,2.41288423538208,0.3248496353626251
ssv2,124600,corrected,0.2,12,2.446077346801758,0.3134242296218872
ssv2,124600,corrected,0.2,16,2.3457674980163574,0.2692435085773468
ssv2,124600,corrected,0.2,24,2.4482645988464355,0.2209247648715973
ssv2,124600,corrected,0.2,32,2.431917905807495,0.22284755110740662
ssv2,124600,corrected,0.4,2,2.4594271183013916,0.3073030412197113
ssv2,124600,corrected,0.4,4,2.4470407962799072,0.3100166916847229
ssv2,124600,corrected,0.4,6,2.4647703170776367,0.32008257508277893
ssv2,124600,corrected,0.4,8,2.41711688041687,0.3254927396774292
ssv2,124600,corrected,0.4,12,2.4464409351348877,0.3139801621437073
ssv2,124600,corrected,0.4,16,2.3491663932800293,0.2697071135044098
ssv2,124600,corrected,0.4,24,2.454353094100952,0.22135522961616516
ssv2,124600,corrected,0.4,32,2.445657253265381,0.22338007390499115
ssv2,124600,corrected,0.8,2,2.4949636459350586,0.3021917939186096
ssv2,124600,corrected,0.8,4,2.4864978790283203,0.3064019978046417
ssv2,124600,corrected,0.8,6,2.491755485534668,0.31729811429977417
ssv2,124600,corrected,0.8,8,2.443894863128662,0.32218804955482483
ssv2,124600,corrected,0.8,12,2.494809627532959,0.3089592456817627
ssv2,124600,corrected,0.8,16,2.410367965698242,0.267092764377594
ssv2,124600,corrected,0.8,24,2.4990689754486084,0.21837204694747925
ssv2,124600,corrected,0.8,32,2.491680145263672,0.22126731276512146
ssv2,124779,pure,0.0,2,2.0141148567199707,0.2721681296825409
ssv2,124779,pure,0.0,4,2.0053067207336426,0.2701607942581177
ssv2,124779,pure,0.0,6,2.0518405437469482,0.27065014839172363
ssv2,124779,pure,0.0,8,1.9856654405593872,0.27276188135147095
ssv2,124779,pure,0.0,12,1.8991838693618774,0.2780134975910187
ssv2,124779,pure,0.0,16,1.7353508472442627,0.2700563371181488
ssv2,124779,pure,0.0,24,1.7488267421722412,0.27891066670417786
ssv2,124779,pure,0.0,32,1.7917519807815552,0.2551577687263489
ssv2,124779,pure,0.05,2,2.0141050815582275,0.2722030282020569
ssv2,124779,pure,0.05,4,2.0056111812591553,0.2701666057109833
ssv2,124779,pure,0.05,6,2.0521857738494873,0.27065610885620117
ssv2,124779,pure,0.05,8,1.9859850406646729,0.27276554703712463
ssv2,124779,pure,0.05,12,1.8991475105285645,0.27803876996040344
ssv2,124779,pure,0.05,16,1.7355657815933228,0.2700611650943756
ssv2,124779,pure,0.05,24,1.7488465309143066,0.2789085805416107
ssv2,124779,pure,0.05,32,1.791813850402832,0.25515204668045044
ssv2,124779,pure,0.1,2,2.013303756713867,0.27220073342323303
ssv2,124779,pure,0.1,4,2.004934787750244,0.2702042758464813
ssv2,124779,pure,0.1,6,2.0512566566467285,0.2706993520259857
ssv2,124779,pure,0.1,8,1.9852104187011719,0.2728006839752197
ssv2,124779,pure,0.1,12,1.8989408016204834,0.27804985642433167
ssv2,124779,pure,0.1,16,1.73590087890625,0.2700943350791931
ssv2,124779,pure,0.1,24,1.749051570892334,0.2789405882358551
ssv2,124779,pure,0.1,32,1.791764736175537,0.25518956780433655
ssv2,124779,pure,0.2,2,2.0137834548950195,0.2720908522605896
ssv2,124779,pure,0.2,4,2.0032410621643066,0.2700716555118561
ssv2,124779,pure,0.2,6,2.0492732524871826,0.2706023156642914
ssv2,124779,pure,0.2,8,1.9822957515716553,0.2727130949497223
ssv2,124779,pure,0.2,12,1.897870421409607,0.27794039249420166
ssv2,124779,pure,0.2,16,1.7342889308929443,0.2699894905090332
ssv2,124779,pure,0.2,24,1.7473987340927124,0.2788700759410858
ssv2,124779,pure,0.2,32,1.7896039485931396,0.2551514804363251
ssv2,124779,pure,0.4,2,2.0132510662078857,0.2723766267299652
ssv2,124779,pure,0.4,4,2.0012094974517822,0.2702033817768097
ssv2,124779,pure,0.4,6,2.045912504196167,0.2706835865974426
ssv2,124779,pure,0.4,8,1.9801360368728638,0.27282291650772095
ssv2,124779,pure,0.4,12,1.8944954872131348,0.2781006991863251
ssv2,124779,pure,0.4,16,1.7314255237579346,0.2701239287853241
ssv2,124779,pure,0.4,24,1.7464492321014404,0.2791111171245575
ssv2,124779,pure,0.4,32,1.787001132965088,0.25529879331588745
ssv2,124779,pure,0.8,2,2.0056891441345215,0.27254942059516907
ssv2,124779,pure,0.8,4,1.9981000423431396,0.2703167498111725
ssv2,124779,pure,0.8,6,2.045691967010498,0.27082809805870056
ssv2,124779,pure,0.8,8,1.9792935848236084,0.2729988098144531
ssv2,124779,pure,0.8,12,1.8897082805633545,0.27803951501846313
ssv2,124779,pure,0.8,16,1.732408046722412,0.2701982855796814
ssv2,124779,pure,0.8,24,1.7465740442276,0.27906253933906555
ssv2,124779,pure,0.8,32,1.788975477218628,0.25544825196266174
ssv2,124779,corrected,0.0,2,2.1454503536224365,0.2622986137866974
ssv2,124779,corrected,0.0,4,2.129739761352539,0.26249006390571594
ssv2,124779,corrected,0.0,6,2.126626491546631,0.26443609595298767
ssv2,124779,corrected,0.0,8,2.0818161964416504,0.26634687185287476
ssv2,124779,corrected,0.0,12,2.0462441444396973,0.27015194296836853
ssv2,124779,corrected,0.0,16,1.8575714826583862,0.2645912170410156
ssv2,124779,corrected,0.0,24,1.8604846000671387,0.2727288007736206
ssv2,124779,corrected,0.0,32,1.9073166847229004,0.24635575711727142
ssv2,124779,corrected,0.05,2,2.1413309574127197,0.2622811794281006
ssv2,124779,corrected,0.05,4,2.1275486946105957,0.2624938189983368
ssv2,124779,corrected,0.05,6,2.1239824295043945,0.2644009590148926
ssv2,124779,corrected,0.05,8,2.079193115234375,0.2663286626338959
ssv2,124779,corrected,0.05,12,2.0430212020874023,0.2700924873352051
ssv2,124779,corrected,0.05,16,1.8548033237457275,0.26452013850212097
ssv2,124779,corrected,0.05,24,1.8583438396453857,0.2726700007915497
ssv2,124779,corrected,0.05,32,1.9063934087753296,0.24632170796394348
ssv2,124779,corrected,0.1,2,2.141622543334961,0.26261106133461
ssv2,124779,corrected,0.1,4,2.127124786376953,0.2627352774143219
ssv2,124779,corrected,0.1,6,2.1243479251861572,0.26468443870544434
ssv2,124779,corrected,0.1,8,2.0805416107177734,0.2665742039680481
ssv2,124779,corrected,0.1,12,2.0447986125946045,0.2704004943370819
ssv2,124779,corrected,0.1,16,1.8568578958511353,0.26477986574172974
ssv2,124779,corrected,0.1,24,1.8587186336517334,0.272870272397995
ssv2,124779,corrected,0.1,32,1.9059048891067505,0.2465795874595642
ssv2,124779,corrected,0.2,2,2.1578855514526367,0.26225656270980835
ssv2,124779,corrected,0.2,4,2.1384758949279785,0.26280832290649414
ssv2,124779,corrected,0.2,6,2.134078025817871,0.2646532952785492
ssv2,124779,corrected,0.2,8,2.0869338512420654,0.2667546570301056
ssv2,124779,corrected,0.2,12,2.056462526321411,0.2705360949039459
ssv2,124779,corrected,0.2,16,1.863616704940796,0.26479777693748474
ssv2,124779,corrected,0.2,24,1.8649638891220093,0.2730221450328827
ssv2,124779,corrected,0.2,32,1.9074782133102417,0.24639318883419037
ssv2,124779,corrected,0.4,2,2.1546273231506348,0.26256856322288513
ssv2,124779,corrected,0.4,4,2.141049861907959,0.2623916566371918
ssv2,124779,corrected,0.4,6,2.1376090049743652,0.2640529274940491
ssv2,124779,corrected,0.4,8,2.093585252761841,0.2660712003707886
ssv2,124779,corrected,0.4,12,2.0614125728607178,0.2699221968650818
ssv2,124779,corrected,0.4,16,1.8666162490844727,0.2644907534122467
ssv2,124779,corrected,0.4,24,1.871117115020752,0.2727373242378235
ssv2,124779,corrected,0.4,32,1.9421106576919556,0.2461080551147461
ssv2,124779,corrected,0.8,2,2.138442039489746,0.26119372248649597
ssv2,124779,corrected,0.8,4,2.122947931289673,0.2618364095687866
ssv2,124779,corrected,0.8,6,2.1326489448547363,0.2635175883769989
ssv2,124779,corrected,0.8,8,2.0877976417541504,0.2660066485404968
ssv2,124779,corrected,0.8,12,2.051931381225586,0.26849043369293213
ssv2,124779,corrected,0.8,16,1.8506510257720947,0.26416850090026855
ssv2,124779,corrected,0.8,24,1.8403226137161255,0.2732301354408264
ssv2,124779,corrected,0.8,32,1.9110345840454102,0.24688425660133362
ssv2,124844,pure,0.0,2,1.941420316696167,0.2732839286327362
ssv2,124844,pure,0.0,4,1.9861512184143066,0.2766914963722229
ssv2,124844,pure,0.0,6,2.0186243057250977,0.2549441158771515
ssv2,124844,pure,0.0,8,1.9469785690307617,0.23801735043525696
ssv2,124844,pure,0.0,12,1.9251151084899902,0.23487377166748047
ssv2,124844,pure,0.0,16,1.7602214813232422,0.20984287559986115
ssv2,124844,pure,0.0,24,1.6860071420669556,0.21908064186573029
ssv2,124844,pure,0.0,32,1.6579246520996094,0.19503948092460632
ssv2,124844,pure,0.05,2,1.9417407512664795,0.2733200490474701
ssv2,124844,pure,0.05,4,1.9868708848953247,0.27669575810432434
ssv2,124844,pure,0.05,6,2.018981456756592,0.2549399435520172
ssv2,124844,pure,0.05,8,1.9471616744995117,0.2380232810974121
ssv2,124844,pure,0.05,12,1.9253673553466797,0.23489686846733093
ssv2,124844,pure,0.05,16,1.7605211734771729,0.20984463393688202
ssv2,124844,pure,0.05,24,1.6863820552825928,0.21907731890678406
ssv2,124844,pure,0.05,32,1.6579822301864624,0.19504091143608093
ssv2,124844,pure,0.1,2,1.940855622291565,0.27331531047821045
ssv2,124844,pure,0.1,4,1.9863052368164062,0.27674540877342224
ssv2,124844,pure,0.1,6,2.0190277099609375,0.25498995184898376
ssv2,124844,pure,0.1,8,1.947197675704956,0.2380528599023819
ssv2,124844,pure,0.1,12,1.9245078563690186,0.23490285873413086
ssv2,124844,pure,0.1,16,1.760019302368164,0.20985640585422516
ssv2,124844,pure,0.1,24,1.6859415769577026,0.21909967064857483
ssv2,124844,pure,0.1,32,1.6580302715301514,0.19505271315574646
ssv2,124844,pure,0.2,2,1.9419314861297607,0.27316814661026
ssv2,124844,pure,0.2,4,1.9853273630142212,0.27660703659057617
ssv2,124844,pure,0.2,6,2.017317533493042,0.25488197803497314
ssv2,124844,pure,0.2,8,1.9461424350738525,0.2379382848739624
ssv2,124844,pure,0.2,12,1.9243664741516113,0.23479172587394714
ssv2,124844,pure,0.2,16,1.7590748071670532,0.2098063826560974
ssv2,124844,pure,0.2,24,1.6848000288009644,0.21904869377613068
ssv2,124844,pure,0.2,32,1.6564626693725586,0.1950354129076004
ssv2,124844,pure,0.4,2,1.9412055015563965,0.2733495533466339
ssv2,124844,pure,0.4,4,1.9853519201278687,0.2766854763031006
ssv2,124844,pure,0.4,6,2.017404556274414,0.25506338477134705
ssv2,124844,pure,0.4,8,1.946879506111145,0.23803605139255524
ssv2,124844,pure,0.4,12,1.9255768060684204,0.23481504619121552
ssv2,124844,pure,0.4,16,1.7608232498168945,0.20981426537036896
ssv2,124844,pure,0.4,24,1.6858148574829102,0.21907939016819
ssv2,124844,pure,0.4,32,1.6576006412506104,0.1950455904006958
ssv2,124844,pure,0.8,2,1.9292738437652588,0.2742888629436493
ssv2,124844,pure,0.8,4,1.979388952255249,0.27698683738708496
ssv2,124844,pure,0.8,6,2.018822193145752,0.25545811653137207
ssv2,124844,pure,0.8,8,1.9449669122695923,0.23845311999320984
ssv2,124844,pure,0.8,12,1.9183943271636963,0.2352292686700821
ssv2,124844,pure,0.8,16,1.7546671628952026,0.21006229519844055
ssv2,124844,pure,0.8,24,1.6804993152618408,0.2191222608089447
ssv2,124844,pure,0.8,32,1.6522656679153442,0.1951887309551239
ssv2,124844,corrected,0.0,2,2.194262742996216,0.26178187131881714
ssv2,124844,corrected,0.0,4,2.161517858505249,0.26236841082572937
ssv2,124844,corrected,0.0,6,2.1469175815582275,0.24150122702121735
ssv2,124844,corrected,0.0,8,2.0968785285949707,0.22256824374198914
ssv2,124844,corrected,0.0,12,2.119086265563965,0.21966183185577393
ssv2,124844,corrected,0.0,16,1.9779282808303833,0.20469817519187927
ssv2,124844,corrected,0.0,24,1.9039642810821533,0.21102066338062286
ssv2,124844,corrected,0.0,32,1.8626025915145874,0.19065313041210175
ssv2,124844,corrected,0.05,2,2.1938436031341553,0.26179853081703186
ssv2,124844,corrected,0.05,4,2.1597557067871094,0.262364000082016
ssv2,124844,corrected,0.05,6,2.1454339027404785,0.24159765243530273
ssv2,124844,corrected,0.05,8,2.095829486846924,0.22269539535045624
ssv2,124844,corrected,0.05,12,2.1185455322265625,0.21961289644241333
ssv2,124844,corrected,0.05,16,1.976440191268921,0.20468470454216003
ssv2,124844,corrected,0.05,24,1.9028387069702148,0.21100151538848877
ssv2,124844,corrected,0.05,32,1.8604193925857544,0.19067013263702393
ssv2,124844,corrected,0.1,2,2.1933629512786865,0.2619640529155731
ssv2,124844,corrected,0.1,4,2.1567461490631104,0.26244133710861206
ssv2,124844,corrected,0.1,6,2.1443727016448975,0.24174433946609497
ssv2,124844,corrected,0.1,8,2.093599796295166,0.22276605665683746
ssv2,124844,corrected,0.1,12,2.1136183738708496,0.21985329687595367
ssv2,124844,corrected,0.1,16,1.9720693826675415,0.20463763177394867
ssv2,124844,corrected,0.1,24,1.8978773355484009,0.21105699241161346
ssv2,124844,corrected,0.1,32,1.8570928573608398,0.19067561626434326
ssv2,124844,corrected,0.2,2,2.201643943786621,0.26112180948257446
ssv2,124844,corrected,0.2,4,2.1617817878723145,0.26163721084594727
ssv2,124844,corrected,0.2,6,2.143306016921997,0.24094966053962708
ssv2,124844,corrected,0.2,8,2.0928847789764404,0.22232294082641602
ssv2,124844,corrected,0.2,12,2.1188507080078125,0.2194860726594925
ssv2,124844,corrected,0.2,16,1.9765048027038574,0.20409804582595825
ssv2,124844,corrected,0.2,24,1.8998578786849976,0.21076510846614838
ssv2,124844,corrected,0.2,32,1.860171914100647,0.19063077867031097
ssv2,124844,corrected,0.4,2,2.196587562561035,0.2634170949459076
ssv2,124844,corrected,0.4,4,2.153083324432373,0.26363205909729004
ssv2,124844,corrected,0.4,6,2.1409215927124023,0.24244004487991333
ssv2,124844,corrected,0.4,8,2.094362258911133,0.22372838854789734
ssv2,124844,corrected,0.4,12,2.116042375564575,0.22054772078990936
ssv2,124844,corrected,0.4,16,1.965266227722168,0.20414400100708008
ssv2,124844,corrected,0.4,24,1.8873648643493652,0.21074692904949188
ssv2,124844,corrected,0.4,32,1.8530036211013794,0.19072774052619934
ssv2,124844,corrected,0.8,2,2.1880741119384766,0.26062366366386414
ssv2,124844,corrected,0.8,4,2.1421356201171875,0.2606787085533142
ssv2,124844,corrected,0.8,6,2.135185718536377,0.2401389181613922
ssv2,124844,corrected,0.8,8,2.0817272663116455,0.22204475104808807
ssv2,124844,corrected,0.8,12,2.0700411796569824,0.2195081114768982
ssv2,124844,corrected,0.8,16,1.9193384647369385,0.20332880318164825
ssv2,124844,corrected,0.8,24,1.841639518737793,0.20976999402046204
ssv2,124844,corrected,0.8,32,1.826786756515503,0.18918059766292572
ssv2,125148,pure,0.0,2,2.2561182975769043,0.2651376724243164
ssv2,125148,pure,0.0,4,2.182140588760376,0.26213136315345764
ssv2,125148,pure,0.0,6,2.1600303649902344,0.2596589922904968
ssv2,125148,pure,0.0,8,2.0768628120422363,0.2549237012863159
ssv2,125148,pure,0.0,12,2.070340633392334,0.25910866260528564
ssv2,125148,pure,0.0,16,1.9442309141159058,0.19668909907341003
ssv2,125148,pure,0.0,24,1.9498536586761475,0.22170011699199677
ssv2,125148,pure,0.0,32,1.9140766859054565,0.22479014098644257
ssv2,125148,pure,0.05,2,2.256371021270752,0.26512613892555237
ssv2,125148,pure,0.05,4,2.182264804840088,0.26212483644485474
ssv2,125148,pure,0.05,6,2.160182237625122,0.259654700756073
ssv2,125148,pure,0.05,8,2.0770034790039062,0.2549206614494324
ssv2,125148,pure,0.05,12,2.0706863403320312,0.2591070234775543
ssv2,125148,pure,0.05,16,1.944429636001587,0.19668780267238617
ssv2,125148,pure,0.05,24,1.9499313831329346,0.22169066965579987
ssv2,125148,pure,0.05,32,1.9141600131988525,0.22478705644607544
ssv2,125148,pure,0.1,2,2.255496025085449,0.2651766538619995
ssv2,125148,pure,0.1,4,2.181631565093994,0.2621505856513977
ssv2,125148,pure,0.1,6,2.1600499153137207,0.25969386100769043
ssv2,125148,pure,0.1,8,2.0769617557525635,0.2549566924571991
ssv2,125148,pure,0.1,12,2.070056438446045,0.25914138555526733
ssv2,125148,pure,0.1,16,1.9439473152160645,0.1967317759990692
ssv2,125148,pure,0.1,24,1.9499139785766602,0.2217344343662262
ssv2,125148,pure,0.1,32,1.9145499467849731,0.22482366859912872
ssv2,125148,pure,0.2,2,2.2552313804626465,0.2651558518409729
ssv2,125148,pure,0.2,4,2.181105613708496,0.2622227966785431
ssv2,125148,pure,0.2,6,2.159809112548828,0.25976061820983887
ssv2,125148,pure,0.2,8,2.076538324356079,0.25501909852027893
ssv2,125148,pure,0.2,12,2.069159984588623,0.25912657380104065
ssv2,125148,pure,0.2,16,1.9438083171844482,0.19672848284244537
ssv2,125148,pure,0.2,24,1.950344204902649,0.22179050743579865
ssv2,125148,pure,0.2,32,1.9140286445617676,0.22488060593605042
ssv2,125148,pure,0.4,2,2.252790689468384,0.26528993248939514
ssv2,125148,pure,0.4,4,2.179521083831787,0.262209415435791
ssv2,125148,pure,0.4,6,2.1591849327087402,0.2597343623638153
ssv2,125148,pure,0.4,8,2.0755181312561035,0.25504070520401
ssv2,125148,pure,0.4,12,2.067220687866211,0.259223997592926
ssv2,125148,pure,0.4,16,1.9415209293365479,0.19691331684589386
ssv2,125148,pure,0.4,24,1.9488383531570435,0.22190551459789276
ssv2,125148,pure,0.4,32,1.9131314754486084,0.22495882213115692
ssv2,125148,pure,0.8,2,2.2489113807678223,0.26581060886383057
ssv2,125148,pure,0.8,4,2.17805814743042,0.2624809145927429
ssv2,125148,pure,0.8,6,2.1624975204467773,0.26007145643234253
ssv2,125148,pure,0.8,8,2.077618360519409,0.2552865743637085
ssv2,125148,pure,0.8,12,2.0621514320373535,0.25941064953804016
ssv2,125148,pure,0.8,16,1.9407198429107666,0.1968371421098709
ssv2,125148,pure,0.8,24,1.945680856704712,0.22179174423217773
ssv2,125148,pure,0.8,32,1.9101231098175049,0.225042462348938
ssv2,125148,corrected,0.0,2,2.2719614505767822,0.2718102037906647
ssv2,125148,corrected,0.0,4,2.2430505752563477,0.26853638887405396
ssv2,125148,corrected,0.0,6,2.225665330886841,0.26558905839920044
ssv2,125148,corrected,0.0,8,2.161001682281494,0.25959303975105286
ssv2,125148,corrected,0.0,12,2.171156167984009,0.2628723382949829
ssv2,125148,corrected,0.0,16,2.0386030673980713,0.2015688270330429
ssv2,125148,corrected,0.0,24,1.9607688188552856,0.22598125040531158
ssv2,125148,corrected,0.0,32,1.8953051567077637,0.22927118837833405
ssv2,125148,corrected,0.05,2,2.270490884780884,0.271952748298645
ssv2,125148,corrected,0.05,4,2.2424206733703613,0.2686648964881897
ssv2,125148,corrected,0.05,6,2.225562572479248,0.26575738191604614
ssv2,125148,corrected,0.05,8,2.1610794067382812,0.2597252428531647
ssv2,125148,corrected,0.05,12,2.171858787536621,0.26297590136528015
ssv2,125148,corrected,0.05,16,2.0387628078460693,0.2016718089580536
ssv2,125148,corrected,0.05,24,1.9663050174713135,0.2260620892047882
ssv2,125148,corrected,0.05,32,1.9076249599456787,0.22930662333965302
ssv2,125148,corrected,0.1,2,2.2708449363708496,0.2720261216163635
ssv2,125148,corrected,0.1,4,2.2416598796844482,0.2687091827392578
ssv2,125148,corrected,0.1,6,2.223846912384033,0.26569074392318726
ssv2,125148,corrected,0.1,8,2.1594960689544678,0.2596079111099243
ssv2,125148,corrected,0.1,12,2.1699767112731934,0.2629561126232147
ssv2,125148,corrected,0.1,16,2.0351662635803223,0.20166157186031342
ssv2,125148,corrected,0.1,24,1.9593994617462158,0.22615189850330353
ssv2,125148,corrected,0.1,32,1.8936402797698975,0.2294689267873764
ssv2,125148,corrected,0.2,2,2.276137113571167,0.27221623063087463
ssv2,125148,corrected,0.2,4,2.2461588382720947,0.2688276469707489
ssv2,125148,corrected,0.2,6,2.2280619144439697,0.26580870151519775
ssv2,125148,corrected,0.2,8,2.1644749641418457,0.2596417963504791
ssv2,125148,corrected,0.2,12,2.1784613132476807,0.2632600665092468
ssv2,125148,corrected,0.2,16,2.041902780532837,0.20204786956310272
ssv2,125148,corrected,0.2,24,1.9677287340164185,0.2260662317276001
ssv2,125148,corrected,0.2,32,1.899080514907837,0.22937555611133575
ssv2,125148,corrected,0.4,2,2.282195806503296,0.2718715965747833
ssv2,125148,corrected,0.4,4,2.2586042881011963,0.2686558961868286
ssv2,125148,corrected,0.4,6,2.2404961585998535,0.2662345767021179
ssv2,125148,corrected,0.4,8,2.174877166748047,0.26027777791023254
ssv2,125148,corrected,0.4,12,2.1841928958892822,0.2630302309989929
ssv2,125148,corrected,0.4,16,2.0444531440734863,0.20178000628948212
ssv2,125148,corrected,0.4,24,1.9746977090835571,0.2261960655450821
ssv2,125148,corrected,0.4,32,1.9055376052856445,0.2297358214855194
ssv2,125148,corrected,0.8,2,2.2540817260742188,0.2718696594238281
ssv2,125148,corrected,0.8,4,2.235466957092285,0.26904231309890747
ssv2,125148,corrected,0.8,6,2.218419313430786,0.26623886823654175
ssv2,125148,corrected,0.8,8,2.154437780380249,0.25991523265838623
ssv2,125148,corrected,0.8,12,2.1512889862060547,0.2631821930408478
ssv2,125148,corrected,0.8,16,2.0058305263519287,0.203353151679039
ssv2,125148,corrected,0.8,24,1.9170646667480469,0.2274930477142334
ssv2,125148,corrected,0.8,32,1.904179334640503,0.23105807602405548
ssv2,125225,pure,0.0,2,2.224379777908325,0.27856749296188354
ssv2,125225,pure,0.0,4,2.223659038543701,0.37173324823379517
ssv2,125225,pure,0.0,6,2.187877893447876,0.3294007480144501
ssv2,125225,pure,0.0,8,2.136777400970459,0.2605384290218353
ssv2,125225,pure,0.0,12,2.087825059890747,0.3933711647987366
ssv2,125225,pure,0.0,16,1.8328527212142944,0.3745390772819519
ssv2,125225,pure,0.0,24,1.7019157409667969,0.35929495096206665
ssv2,125225,pure,0.0,32,1.6860980987548828,0.32763996720314026
ssv2,125225,pure,0.05,2,2.2244644165039062,0.2785697281360626
ssv2,125225,pure,0.05,4,2.2237510681152344,0.371732622385025
ssv2,125225,pure,0.05,6,2.187857151031494,0.32939988374710083
ssv2,125225,pure,0.05,8,2.1367645263671875,0.26052752137184143
ssv2,125225,pure,0.05,12,2.0878615379333496,0.3933860957622528
ssv2,125225,pure,0.05,16,1.8327888250350952,0.37452879548072815
ssv2,125225,pure,0.05,24,1.7018680572509766,0.3592849671840668
ssv2,125225,pure,0.05,32,1.6859675645828247,0.3276357650756836
ssv2,125225,pure,0.1,2,2.224010467529297,0.27855172753334045
ssv2,125225,pure,0.1,4,2.224241256713867,0.37181156873703003
ssv2,125225,pure,0.1,6,2.1882967948913574,0.32948431372642517
ssv2,125225,pure,0.1,8,2.137209415435791,0.26059162616729736
ssv2,125225,pure,0.1,12,2.088057279586792,0.39344391226768494
ssv2,125225,pure,0.1,16,1.8331806659698486,0.37458309531211853
ssv2,125225,pure,0.1,24,1.702448844909668,0.3593212068080902
ssv2,125225,pure,0.1,32,1.6865020990371704,0.32764342427253723
ssv2,125225,pure,0.2,2,2.224112033843994,0.278520405292511
ssv2,125225,pure,0.2,4,2.22574520111084,0.3717575967311859
ssv2,125225,pure,0.2,6,2.18914794921875,0.3294188380241394
ssv2,125225,pure,0.2,8,2.1377124786376953,0.26056456565856934
ssv2,125225,pure,0.2,12,2.087838649749756,0.39333733916282654
ssv2,125225,pure,0.2,16,1.832777976989746,0.3745649755001068
ssv2,125225,pure,0.2,24,1.7020485401153564,0.3593161106109619
ssv2,125225,pure,0.2,32,1.68626070022583,0.32761135697364807
ssv2,125225,pure,0.4,2,2.2256836891174316,0.27884769439697266
ssv2,125225,pure,0.4,4,2.2272377014160156,0.37173914909362793
ssv2,125225,pure,0.4,6,2.190364360809326,0.32951775193214417
ssv2,125225,pure,0.4,8,2.139544725418091,0.2607276141643524
ssv2,125225,pure,0.4,12,2.086759567260742,0.3935401141643524
ssv2,125225,pure,0.4,16,1.8352315425872803,0.3746033310890198
ssv2,125225,pure,0.4,24,1.7030712366104126,0.35939452052116394
ssv2,125225,pure,0.4,32,1.686617374420166,0.327739417552948
ssv2,125225,pure,0.8,2,2.2122597694396973,0.2795489430427551
ssv2,125225,pure,0.8,4,2.2207183837890625,0.3719414472579956
ssv2,125225,pure,0.8,6,2.185770273208618,0.32983607053756714
ssv2,125225,pure,0.8,8,2.134692668914795,0.2608960270881653
ssv2,125225,pure,0.8,12,2.0768017768859863,0.39370831847190857
ssv2,125225,pure,0.8,16,1.8318978548049927,0.37494102120399475
ssv2,125225,pure,0.8,24,1.7021033763885498,0.35964637994766235
ssv2,125225,pure,0.8,32,1.6825549602508545,0.32799121737480164
ssv2,125225,corrected,0.0,2,2.2520430088043213,0.25939008593559265
ssv2,125225,corrected,0.0,4,2.272261381149292,0.3530935049057007
ssv2,125225,corrected,0.0,6,2.245422124862671,0.31234604120254517
ssv2,125225,corrected,0.0,8,2.1876838207244873,0.250141978263855
ssv2,125225,corrected,0.0,12,2.1505255699157715,0.3732863664627075
ssv2,125225,corrected,0.0,16,1.9549251794815063,0.3614698052406311
ssv2,125225,corrected,0.0,24,1.8076014518737793,0.3482809364795685
ssv2,125225,corrected,0.0,32,1.7809054851531982,0.32045766711235046
ssv2,125225,corrected,0.05,2,2.2519583702087402,0.25911712646484375
ssv2,125225,corrected,0.05,4,2.272096872329712,0.3529694080352783
ssv2,125225,corrected,0.05,6,2.245114326477051,0.3123127222061157
ssv2,125225,corrected,0.05,8,2.1874136924743652,0.25011926889419556
ssv2,125225,corrected,0.05,12,2.1498186588287354,0.37311968207359314
ssv2,125225,corrected,0.05,16,1.9528393745422363,0.3614165782928467
ssv2,125225,corrected,0.05,24,1.8067667484283447,0.34817421436309814
ssv2,125225,corrected,0.05,32,1.7797261476516724,0.32046499848365784
ssv2,125225,corrected,0.1,2,2.251113176345825,0.25971996784210205
ssv2,125225,corrected,0.1,4,2.269949436187744,0.3533226549625397
ssv2,125225,corrected,0.1,6,2.2434608936309814,0.3125319480895996
ssv2,125225,corrected,0.1,8,2.1854348182678223,0.25020572543144226
ssv2,125225,corrected,0.1,12,2.1473138332366943,0.3736453950405121
ssv2,125225,corrected,0.1,16,1.950652003288269,0.36174577474594116
ssv2,125225,corrected,0.1,24,1.803863286972046,0.3486688435077667
ssv2,125225,corrected,0.1,32,1.7775096893310547,0.3208916485309601
ssv2,125225,corrected,0.2,2,2.2517457008361816,0.25925353169441223
ssv2,125225,corrected,0.2,4,2.2731454372406006,0.3529506027698517
ssv2,125225,corrected,0.2,6,2.2460007667541504,0.3125354051589966
ssv2,125225,corrected,0.2,8,2.1890499591827393,0.2502100467681885
ssv2,125225,corrected,0.2,12,2.153817892074585,0.37285906076431274
ssv2,125225,corrected,0.2,16,1.9601023197174072,0.360868901014328
ssv2,125225,corrected,0.2,24,1.8124005794525146,0.34776824712753296
ssv2,125225,corrected,0.2,32,1.7865875959396362,0.32041677832603455
ssv2,125225,corrected,0.4,2,2.243786334991455,0.25872689485549927
ssv2,125225,corrected,0.4,4,2.2768208980560303,0.3526889979839325
ssv2,125225,corrected,0.4,6,2.2574424743652344,0.313303142786026
ssv2,125225,corrected,0.4,8,2.1950035095214844,0.25027891993522644
ssv2,125225,corrected,0.4,12,2.143939971923828,0.3727683126926422
ssv2,125225,corrected,0.4,16,1.9470839500427246,0.36089110374450684
ssv2,125225,corrected,0.4,24,1.7927112579345703,0.34805452823638916
ssv2,125225,corrected,0.4,32,1.7703938484191895,0.32096928358078003
ssv2,125225,corrected,0.8,2,2.23386287689209,0.2545694410800934
ssv2,125225,corrected,0.8,4,2.252377986907959,0.3478792607784271
ssv2,125225,corrected,0.8,6,2.2435359954833984,0.3096069395542145
ssv2,125225,corrected,0.8,8,2.1821064949035645,0.24834886193275452
ssv2,125225,corrected,0.8,12,2.129396915435791,0.3713906705379486
ssv2,125225,corrected,0.8,16,1.9279577732086182,0.35956528782844543
ssv2,125225,corrected,0.8,24,1.7935031652450562,0.34738510847091675
ssv2,125225,corrected,0.8,32,1.7693792581558228,0.321175217628479
ssv2,125268,pure,0.0,2,2.201930522918701,0.2575703561306
ssv2,125268,pure,0.0,4,2.1743955612182617,0.25617480278015137
ssv2,125268,pure,0.0,6,2.1487574577331543,0.26099535822868347
ssv2,125268,pure,0.0,8,2.10642671585083,0.26366958022117615
ssv2,125268,pure,0.0,12,2.1095499992370605,0.2653157114982605
ssv2,125268,pure,0.0,16,2.0326743125915527,0.2691352665424347
ssv2,125268,pure,0.0,24,2.081566572189331,0.26420217752456665
ssv2,125268,pure,0.0,32,2.021782398223877,0.25505512952804565
ssv2,125268,pure,0.05,2,2.201690435409546,0.2575554847717285
ssv2,125268,pure,0.05,4,2.17419695854187,0.25617602467536926
ssv2,125268,pure,0.05,6,2.1486120223999023,0.2610061764717102
ssv2,125268,pure,0.05,8,2.106189489364624,0.2636743187904358
ssv2,125268,pure,0.05,12,2.1091744899749756,0.26530590653419495
ssv2,125268,pure,0.05,16,2.0321850776672363,0.26913541555404663
ssv2,125268,pure,0.05,24,2.081214666366577,0.26419973373413086
ssv2,125268,pure,0.05,32,2.022076368331909,0.25504499673843384
ssv2,125268,pure,0.1,2,2.201359272003174,0.25759831070899963
ssv2,125268,pure,0.1,4,2.174198627471924,0.2561957836151123
ssv2,125268,pure,0.1,6,2.1487514972686768,0.2610017657279968
ssv2,125268,pure,0.1,8,2.106234073638916,0.2636757493019104
ssv2,125268,pure,0.1,12,2.108590602874756,0.2653173506259918
ssv2,125268,pure,0.1,16,2.032679796218872,0.26912635564804077
ssv2,125268,pure,0.1,24,2.081390619277954,0.26419731974601746
ssv2,125268,pure,0.1,32,2.0219202041625977,0.2550888657569885
ssv2,125268,pure,0.2,2,2.200815200805664,0.25765055418014526
ssv2,125268,pure,0.2,4,2.1727657318115234,0.25624606013298035
ssv2,125268,pure,0.2,6,2.146205425262451,0.2610509395599365
ssv2,125268,pure,0.2,8,2.10457181930542,0.2637317478656769
ssv2,125268,pure,0.2,12,2.107356309890747,0.2653760015964508
ssv2,125268,pure,0.2,16,2.032061815261841,0.26916074752807617
ssv2,125268,pure,0.2,24,2.0798559188842773,0.26417607069015503
ssv2,125268,pure,0.2,32,2.018681764602661,0.2550097703933716
ssv2,125268,pure,0.4,2,2.1940059661865234,0.2578276991844177
ssv2,125268,pure,0.4,4,2.1669178009033203,0.2563725709915161
ssv2,125268,pure,0.4,6,2.1433145999908447,0.2611788809299469
ssv2,125268,pure,0.4,8,2.1002707481384277,0.2638774812221527
ssv2,125268,pure,0.4,12,2.100151538848877,0.26551246643066406
ssv2,125268,pure,0.4,16,2.0275211334228516,0.26924774050712585
ssv2,125268,pure,0.4,24,2.075249433517456,0.2642248272895813
ssv2,125268,pure,0.4,32,2.0200390815734863,0.2551543414592743
ssv2,125268,pure,0.8,2,2.1938838958740234,0.25853028893470764
ssv2,125268,pure,0.8,4,2.1583595275878906,0.25694540143013
ssv2,125268,pure,0.8,6,2.1290526390075684,0.26145511865615845
ssv2,125268,pure,0.8,8,2.087155342102051,0.26421308517456055
ssv2,125268,pure,0.8,12,2.0929200649261475,0.2661058306694031
ssv2,125268,pure,0.8,16,2.0203592777252197,0.269456148147583
ssv2,125268,pure,0.8,24,2.0691676139831543,0.2641458809375763
ssv2,125268,pure,0.8,32,2.007674217224121,0.2548820674419403
ssv2,125268,corrected,0.0,2,2.3238401412963867,0.26325809955596924
ssv2,125268,corrected,0.0,4,2.3220815658569336,0.2605811655521393
ssv2,125268,corrected,0.0,6,2.3332924842834473,0.26331254839897156
ssv2,125268,corrected,0.0,8,2.2623238563537598,0.26447489857673645
ssv2,125268,corrected,0.0,12,2.230644941329956,0.2682349383831024
ssv2,125268,corrected,0.0,16,2.1383278369903564,0.2702923119068146
ssv2,125268,corrected,0.0,24,2.2160913944244385,0.2657434046268463
ssv2,125268,corrected,0.0,32,2.188868522644043,0.24982266128063202
ssv2,125268,corrected,0.05,2,2.3225154876708984,0.26334983110427856
ssv2,125268,corrected,0.05,4,2.320305347442627,0.26064351201057434
ssv2,125268,corrected,0.05,6,2.332517147064209,0.2633579969406128
ssv2,125268,corrected,0.05,8,2.261122703552246,0.26450860500335693
ssv2,125268,corrected,0.05,12,2.2290306091308594,0.268315851688385
ssv2,125268,corrected,0.05,16,2.1374361515045166,0.2702575922012329
ssv2,125268,corrected,0.05,24,2.2155652046203613,0.2657231390476227
ssv2,125268,corrected,0.05,32,2.189365863800049,0.24983513355255127
ssv2,125268,corrected,0.1,2,2.320225715637207,0.2631373107433319
ssv2,125268,corrected,0.1,4,2.3217272758483887,0.26048657298088074
ssv2,125268,corrected,0.1,6,2.3332407474517822,0.26328593492507935
ssv2,125268,corrected,0.1,8,2.262746572494507,0.26449501514434814
ssv2,125268,corrected,0.1,12,2.227585792541504,0.268156498670578
ssv2,125268,corrected,0.1,16,2.1371006965637207,0.2704053223133087
ssv2,125268,corrected,0.1,24,2.213949680328369,0.26575732231140137
ssv2,125268,corrected,0.1,32,2.187309503555298,0.24989213049411774
ssv2,125268,corrected,0.2,2,2.335545778274536,0.2633107900619507
ssv2,125268,corrected,0.2,4,2.329648017883301,0.26061713695526123
ssv2,125268,corrected,0.2,6,2.3387956619262695,0.26342275738716125
ssv2,125268,corrected,0.2,8,2.2666635513305664,0.2644914388656616
ssv2,125268,corrected,0.2,12,2.2402749061584473,0.26825496554374695
ssv2,125268,corrected,0.2,16,2.152484893798828,0.2702321708202362
ssv2,125268,corrected,0.2,24,2.2190773487091064,0.2655361294746399
ssv2,125268,corrected,0.2,32,2.191437244415283,0.24958716332912445
ssv2,125268,corrected,0.4,2,2.339592456817627,0.26244738698005676
ssv2,125268,corrected,0.4,4,2.3342158794403076,0.25983113050460815
ssv2,125268,corrected,0.4,6,2.3545753955841064,0.2625075578689575
ssv2,125268,corrected,0.4,8,2.279968738555908,0.26381054520606995
ssv2,125268,corrected,0.4,12,2.243015766143799,0.26748982071876526
ssv2,125268,corrected,0.4,16,2.1611013412475586,0.26968586444854736
ssv2,125268,corrected,0.4,24,2.2280526161193848,0.26579993963241577
ssv2,125268,corrected,0.4,32,2.1981801986694336,0.2506430149078369
ssv2,125268,corrected,0.8,2,2.3985812664031982,0.2666706442832947
ssv2,125268,corrected,0.8,4,2.381424903869629,0.262806236743927
ssv2,125268,corrected,0.8,6,2.379652738571167,0.26441633701324463
ssv2,125268,corrected,0.8,8,2.3115971088409424,0.26497793197631836
ssv2,125268,corrected,0.8,12,2.2823097705841064,0.27021336555480957
ssv2,125268,corrected,0.8,16,2.1841022968292236,0.27112072706222534
ssv2,125268,corrected,0.8,24,2.2418365478515625,0.26736244559288025
ssv2,125268,corrected,0.8,32,2.2219078540802,0.24995647370815277
ssv2,125282,pure,0.0,2,2.2313761711120605,0.24065442383289337
ssv2,125282,pure,0.0,4,2.239053964614868,0.242365300655365
ssv2,125282,pure,0.0,6,2.244511604309082,0.24304594099521637
ssv2,125282,pure,0.0,8,2.2084732055664062,0.2432015985250473
ssv2,125282,pure,0.0,12,2.093172311782837,0.23813453316688538
ssv2,125282,pure,0.0,16,1.8936855792999268,0.24030615389347076
ssv2,125282,pure,0.0,24,1.8517993688583374,0.2434389293193817
ssv2,125282,pure,0.0,32,1.8595856428146362,0.2273842841386795
ssv2,125282,pure,0.05,2,2.231050968170166,0.24065867066383362
ssv2,125282,pure,0.05,4,2.239112615585327,0.2423638552427292
ssv2,125282,pure,0.05,6,2.244596004486084,0.2430451512336731
ssv2,125282,pure,0.05,8,2.2084598541259766,0.243202805519104
ssv2,125282,pure,0.05,12,2.0930168628692627,0.23813964426517487
ssv2,125282,pure,0.05,16,1.89365816116333,0.24030828475952148
ssv2,125282,pure,0.05,24,1.8518065214157104,0.2434384524822235
ssv2,125282,pure,0.05,32,1.859628677368164,0.22738544642925262
ssv2,125282,pure,0.1,2,2.2306578159332275,0.24067258834838867
ssv2,125282,pure,0.1,4,2.239281177520752,0.24237845838069916
ssv2,125282,pure,0.1,6,2.2447009086608887,0.243056520819664
ssv2,125282,pure,0.1,8,2.2085118293762207,0.24321147799491882
ssv2,125282,pure,0.1,12,2.0928187370300293,0.23815400898456573
ssv2,125282,pure,0.1,16,1.894256830215454,0.24031920731067657
ssv2,125282,pure,0.1,24,1.8521865606307983,0.2434268295764923
ssv2,125282,pure,0.1,32,1.8596991300582886,0.22737056016921997
ssv2,125282,pure,0.2,2,2.2297251224517822,0.2405988872051239
ssv2,125282,pure,0.2,4,2.238712787628174,0.24237176775932312
ssv2,125282,pure,0.2,6,2.2449488639831543,0.2430461198091507
ssv2,125282,pure,0.2,8,2.2083606719970703,0.2431962937116623
ssv2,125282,pure,0.2,12,2.0918307304382324,0.23810076713562012
ssv2,125282,pure,0.2,16,1.8935593366622925,0.24026751518249512
ssv2,125282,pure,0.2,24,1.8515301942825317,0.24340195953845978
ssv2,125282,pure,0.2,32,1.8601915836334229,0.2273356169462204
ssv2,125282,pure,0.4,2,2.230538845062256,0.24058614671230316
ssv2,125282,pure,0.4,4,2.242318630218506,0.24230962991714478
ssv2,125282,pure,0.4,6,2.245903253555298,0.24298937618732452
ssv2,125282,pure,0.4,8,2.2094216346740723,0.24313999712467194
ssv2,125282,pure,0.4,12,2.089576244354248,0.2380269318819046
ssv2,125282,pure,0.4,16,1.893768310546875,0.24025902152061462
ssv2,125282,pure,0.4,24,1.8514773845672607,0.24335023760795593
ssv2,125282,pure,0.4,32,1.8591347932815552,0.2273414582014084
ssv2,125282,pure,0.8,2,2.225064277648926,0.24104741215705872
ssv2,125282,pure,0.8,4,2.238311767578125,0.24246284365653992
ssv2,125282,pure,0.8,6,2.2443394660949707,0.2432568222284317
ssv2,125282,pure,0.8,8,2.208026885986328,0.2433529943227768
ssv2,125282,pure,0.8,12,2.088284969329834,0.2384512722492218
ssv2,125282,pure,0.8,16,1.892225742340088,0.24043883383274078
ssv2,125282,pure,0.8,24,1.8503130674362183,0.2432933896780014
ssv2,125282,pure,0.8,32,1.8569326400756836,0.22728927433490753
ssv2,125282,corrected,0.0,2,2.2702624797821045,0.23694035410881042
ssv2,125282,corrected,0.0,4,2.290698528289795,0.23956623673439026
ssv2,125282,corrected,0.0,6,2.276395320892334,0.24060527980327606
ssv2,125282,corrected,0.0,8,2.2333006858825684,0.24089914560317993
ssv2,125282,corrected,0.0,12,2.1362695693969727,0.2400149703025818
ssv2,125282,corrected,0.0,16,1.9651479721069336,0.24038441479206085
ssv2,125282,corrected,0.0,24,1.8683576583862305,0.24844872951507568
ssv2,125282,corrected,0.0,32,1.8798476457595825,0.23104128241539001
ssv2,125282,corrected,0.05,2,2.2681660652160645,0.23691324889659882
ssv2,125282,corrected,0.05,4,2.288841485977173,0.2395286113023758
ssv2,125282,corrected,0.05,6,2.274200201034546,0.2405736744403839
ssv2,125282,corrected,0.05,8,2.2310051918029785,0.24085980653762817
ssv2,125282,corrected,0.05,12,2.1343557834625244,0.2399885505437851
ssv2,125282,corrected,0.05,16,1.962759256362915,0.24036799371242523
ssv2,125282,corrected,0.05,24,1.8671996593475342,0.24842490255832672
ssv2,125282,corrected,0.05,32,1.8782620429992676,0.2310311198234558
ssv2,125282,corrected,0.1,2,2.265012264251709,0.2370443344116211
ssv2,125282,corrected,0.1,4,2.284914493560791,0.2396482676267624
ssv2,125282,corrected,0.1,6,2.272865056991577,0.2406415492296219
ssv2,125282,corrected,0.1,8,2.228895902633667,0.24089458584785461
ssv2,125282,corrected,0.1,12,2.130289077758789,0.2400093972682953
ssv2,125282,corrected,0.1,16,1.959418535232544,0.2404223531484604
ssv2,125282,corrected,0.1,24,1.8676894903182983,0.2484288364648819
ssv2,125282,corrected,0.1,32,1.8777507543563843,0.23111814260482788
ssv2,125282,corrected,0.2,2,2.2802772521972656,0.23691879212856293
ssv2,125282,corrected,0.2,4,2.297424077987671,0.23955559730529785
ssv2,125282,corrected,0.2,6,2.2826831340789795,0.24050386250019073
ssv2,125282,corrected,0.2,8,2.239771604537964,0.2409457117319107
ssv2,125282,corrected,0.2,12,2.1506829261779785,0.24003463983535767
ssv2,125282,corrected,0.2,16,1.9751057624816895,0.2403935343027115
ssv2,125282,corrected,0.2,24,1.872934341430664,0.2485799640417099
ssv2,125282,corrected,0.2,32,1.881271481513977,0.23127150535583496
ssv2,125282,corrected,0.4,2,2.287013053894043,0.23724421858787537
ssv2,125282,corrected,0.4,4,2.307095766067505,0.23985110223293304
ssv2,125282,corrected,0.4,6,2.2979702949523926,0.24082493782043457
ssv2,125282,corrected,0.4,8,2.253775119781494,0.24107080698013306
ssv2,125282,corrected,0.4,12,2.144318103790283,0.2403566837310791
ssv2,125282,corrected,0.4,16,1.974860429763794,0.2409677803516388
ssv2,125282,corrected,0.4,24,1.8752272129058838,0.24850821495056152
ssv2,125282,corrected,0.4,32,1.8838449716567993,0.23098058998584747
ssv2,125282,corrected,0.8,2,2.276461601257324,0.23756763339042664
ssv2,125282,corrected,0.8,4,2.3110313415527344,0.24077966809272766
ssv2,125282,corrected,0.8,6,2.304100513458252,0.2424117475748062
ssv2,125282,corrected,0.8,8,2.2631871700286865,0.2435084879398346
ssv2,125282,corrected,0.8,12,2.151643753051758,0.2421637773513794
ssv2,125282,corrected,0.8,16,1.982353925704956,0.24210309982299805
ssv2,125282,corrected,0.8,24,1.8819735050201416,0.24902676045894623
ssv2,125282,corrected,0.8,32,1.8997780084609985,0.23094044625759125
kinetics_mini,train/archery/-1q7jA3DXQM_000005_000015,pure,0.0,2,2.3665411472320557,0.23311860859394073
kinetics_mini,train/archery/-1q7jA3DXQM_000005_000015,pure,0.0,4,2.2843308448791504,0.23166902363300323
kinetics_mini,train/archery/-1q7jA3DXQM_000005_000015,pure,0.0,6,2.21708345413208,0.23363453149795532
kinetics_mini,train/archery/-1q7jA3DXQM_000005_000015,pure,0.0,8,2.1904666423797607,0.23197723925113678
kinetics_mini,train/archery/-1q7jA3DXQM_000005_000015,pure,0.0,12,2.253197193145752,0.23326601088047028
kinetics_mini,train/archery/-1q7jA3DXQM_000005_000015,pure,0.0,16,2.0194711685180664,0.232371985912323
kinetics_mini,train/archery/-1q7jA3DXQM_000005_000015,pure,0.0,24,1.9614918231964111,0.23133444786071777
kinetics_mini,train/archery/-1q7jA3DXQM_000005_000015,pure,0.0,32,1.9171974658966064,0.23457947373390198
kinetics_mini,train/archery/-1q7jA3DXQM_000005_000015,pure,0.05,2,2.3670215606689453,0.23312082886695862
kinetics_mini,train/archery/-1q7jA3DXQM_000005_000015,pure,0.05,4,2.2845163345336914,0.23165220022201538
kinetics_mini,train/archery/-1q7jA3DXQM_000005_000015,pure,0.05,6,2.2171151638031006,0.23361794650554657
kinetics_mini,train/archery/-1q7jA3DXQM_000005_000015,pure,0.05,8,2.190497398376465,0.231960728764534
kinetics_mini,train/archery/-1q7jA3DXQM_000005_000015,pure,0.05,12,2.253577947616577,0.23328076303005219
kinetics_mini,train/archery/-1q7jA3DXQM_000005_000015,pure,0.05,16,2.019529342651367,0.2323608100414276
kinetics_mini,train/archery/-1q7jA3DXQM_000005_000015,pure,0.05,24,1.9615345001220703,0.23132440447807312
kinetics_mini,train/archery/-1q7jA3DXQM_000005_000015,pure,0.05,32,1.91719388961792,0.23457248508930206
kinetics_mini,train/archery/-1q7jA3DXQM_000005_000015,pure,0.1,2,2.3664259910583496,0.23314444720745087
kinetics_mini,train/archery/-1q7jA3DXQM_000005_000015,pure,0.1,4,2.284400701522827,0.23168782889842987
kinetics_mini,train/archery/-1q7jA3DXQM_000005_000015,pure,0.1,6,2.217010974884033,0.23364515602588654
kinetics_mini,train/archery/-1q7jA3DXQM_000005_000015,pure,0.1,8,2.1902830600738525,0.23199528455734253
kinetics_mini,train/archery/-1q7jA3DXQM_000005_000015,pure,0.1,12,2.2528982162475586,0.23331329226493835
kinetics_mini,train/archery/-1q7jA3DXQM_000005_000015,pure,0.1,16,2.019582986831665,0.23238928616046906
kinetics_mini,train/archery/-1q7jA3DXQM_000005_000015,pure,0.1,24,1.9614964723587036,0.2313455045223236
kinetics_mini,train/archery/-1q7jA3DXQM_000005_000015,pure,0.1,32,1.9168879985809326,0.23457950353622437
kinetics_mini,train/archery/-1q7jA3DXQM_000005_000015,pure,0.2,2,2.365830421447754,0.23312713205814362
kinetics_mini,train/archery/-1q7jA3DXQM_000005_000015,pure,0.2,4,2.2826359272003174,0.2316911220550537
kinetics_mini,train/archery/-1q7jA3DXQM_000005_000015,pure,0.2,6,2.21511173248291,0.233620285987854
kinetics_mini,train/archery/-1q7jA3DXQM_000005_000015,pure,0.2,8,2.188180685043335,0.2319696843624115
kinetics_mini,train/archery/-1q7jA3DXQM_000005_000015,pure,0.2,12,2.252423048019409,0.23323531448841095
kinetics_mini,train/archery/-1q7jA3DXQM_000005_000015,pure,0.2,16,2.017913818359375,0.23234771192073822
kinetics_mini,train/archery/-1q7jA3DXQM_000005_000015,pure,0.2,24,1.9600841999053955,0.23135316371917725
kinetics_mini,train/archery/-1q7jA3DXQM_000005_000015,pure,0.2,32,1.9157074689865112,0.23459996283054352
kinetics_mini,train/archery/-1q7jA3DXQM_000005_000015,pure,0.4,2,2.366309642791748,0.2334674894809723
kinetics_mini,train/archery/-1q7jA3DXQM_000005_000015,pure,0.4,4,2.2851035594940186,0.2317637950181961
kinetics_mini,train/archery/-1q7jA3DXQM_000005_000015,pure,0.4,6,2.218871831893921,0.23370519280433655
kinetics_mini,train/archery/-1q7jA3DXQM_000005_000015,pure,0.4,8,2.192746877670288,0.23202867805957794
kinetics_mini,train/archery/-1q7jA3DXQM_000005_000015,pure,0.4,12,2.250986337661743,0.2336006611585617
kinetics_mini,train/archery/-1q7jA3DXQM_000005_000015,pure,0.4,16,2.0195634365081787,0.23247237503528595
kinetics_mini,train/archery/-1q7jA3DXQM_000005_000015,pure,0.4,24,1.9619911909103394,0.23144786059856415
kinetics_mini,train/archery/-1q7jA3DXQM_000005_000015,pure,0.4,32,1.9180294275283813,0.23471122980117798
kinetics_mini,train/archery/-1q7jA3DXQM_000005_000015,pure,0.8,2,2.3655734062194824,0.23414257168769836
kinetics_mini,train/archery/-1q7jA3DXQM_000005_000015,pure,0.8,4,2.2827835083007812,0.23219411075115204
kinetics_mini,train/archery/-1q7jA3DXQM_000005_000015,pure,0.8,6,2.218797206878662,0.23417431116104126
kinetics_mini,train/archery/-1q7jA3DXQM_000005_000015,pure,0.8,8,2.1915860176086426,0.23246030509471893
kinetics_mini,train/archery/-1q7jA3DXQM_000005_000015,pure,0.8,12,2.245549201965332,0.23432616889476776
kinetics_mini,train/archery/-1q7jA3DXQM_000005_000015,pure,0.8,16,2.016401767730713,0.23279540240764618
kinetics_mini,train/archery/-1q7jA3DXQM_000005_000015,pure,0.8,24,1.958072543144226,0.23166649043560028
kinetics_mini,train/archery/-1q7jA3DXQM_000005_000015,pure,0.8,32,1.9121835231781006,0.2351999282836914
kinetics_mini,train/archery/-1q7jA3DXQM_000005_000015,corrected,0.0,2,2.3365375995635986,0.23278619349002838
kinetics_mini,train/archery/-1q7jA3DXQM_000005_000015,corrected,0.0,4,2.3071675300598145,0.2302098423242569
kinetics_mini,train/archery/-1q7jA3DXQM_000005_000015,corrected,0.0,6,2.2621004581451416,0.23394429683685303
kinetics_mini,train/archery/-1q7jA3DXQM_000005_000015,corrected,0.0,8,2.210209846496582,0.23191332817077637
kinetics_mini,train/archery/-1q7jA3DXQM_000005_000015,corrected,0.0,12,2.2185802459716797,0.23313166201114655
kinetics_mini,train/archery/-1q7jA3DXQM_000005_000015,corrected,0.0,16,2.0711331367492676,0.23139670491218567
kinetics_mini,train/archery/-1q7jA3DXQM_000005_000015,corrected,0.0,24,2.0346360206604004,0.2316037118434906
kinetics_mini,train/archery/-1q7jA3DXQM_000005_000015,corrected,0.0,32,2.0004630088806152,0.23186856508255005
kinetics_mini,train/archery/-1q7jA3DXQM_000005_000015,corrected,0.05,2,2.3367555141448975,0.2327921986579895
kinetics_mini,train/archery/-1q7jA3DXQM_000005_000015,corrected,0.05,4,2.3077290058135986,0.23015515506267548
kinetics_mini,train/archery/-1q7jA3DXQM_000005_000015,corrected,0.05,6,2.2618114948272705,0.23382562398910522
kinetics_mini,train/archery/-1q7jA3DXQM_000005_000015,corrected,0.05,8,2.209920644760132,0.2317902147769928
kinetics_mini,train/archery/-1q7jA3DXQM_000005_000015,corrected,0.05,12,2.218231201171875,0.23310452699661255
kinetics_mini,train/archery/-1q7jA3DXQM_000005_000015,corrected,0.05,16,2.070155143737793,0.23133444786071777
kinetics_mini,train/archery/-1q7jA3DXQM_000005_000015,corrected,0.05,24,2.034008502960205,0.23152117431163788
kinetics_mini,train/archery/-1q7jA3DXQM_000005_000015,corrected,0.05,32,1.9994940757751465,0.23172570765018463
kinetics_mini,train/archery/-1q7jA3DXQM_000005_000015,corrected,0.1,2,2.3364548683166504,0.2332240343093872
kinetics_mini,train/archery/-1q7jA3DXQM_000005_000015,corrected,0.1,4,2.3062257766723633,0.2305937558412552
kinetics_mini,train/archery/-1q7jA3DXQM_000005_000015,corrected,0.1,6,2.2596828937530518,0.23424029350280762
kinetics_mini,train/archery/-1q7jA3DXQM_000005_000015,corrected,0.1,8,2.207869052886963,0.2321760058403015
kinetics_mini,train/archery/-1q7jA3DXQM_000005_000015,corrected,0.1,12,2.217362880706787,0.23362843692302704
kinetics_mini,train/archery/-1q7jA3DXQM_000005_000015,corrected,0.1,16,2.069445848464966,0.23176950216293335
kinetics_mini,train/archery/-1q7jA3DXQM_000005_000015,corrected,0.1,24,2.0327963829040527,0.23190641403198242
kinetics_mini,train/archery/-1q7jA3DXQM_000005_000015,corrected,0.1,32,1.9994516372680664,0.2320576012134552
kinetics_mini,train/archery/-1q7jA3DXQM_000005_000015,corrected,0.2,2,2.339449882507324,0.23282213509082794
kinetics_mini,train/archery/-1q7jA3DXQM_000005_000015,corrected,0.2,4,2.3070855140686035,0.2300901859998703
kinetics_mini,train/archery/-1q7jA3DXQM_000005_000015,corrected,0.2,6,2.262171983718872,0.23378120362758636
kinetics_mini,train/archery/-1q7jA3DXQM_000005_000015,corrected,0.2,8,2.209578514099121,0.23177464306354523
kinetics_mini,train/archery/-1q7jA3DXQM_000005_000015,corrected,0.2,12,2.221637725830078,0.23322393000125885
kinetics_mini,train/archery/-1q7jA3DXQM_000005_000015,corrected,0.2,16,2.0709052085876465,0.2313452661037445
kinetics_mini,train/archery/-1q7jA3DXQM_000005_000015,corrected,0.2,24,2.035341262817383,0.23159073293209076
kinetics_mini,train/archery/-1q7jA3DXQM_000005_000015,corrected,0.2,32,2.001051425933838,0.23169313371181488
kinetics_mini,train/archery/-1q7jA3DXQM_000005_000015,corrected,0.4,2,2.3547329902648926,0.23229087889194489
kinetics_mini,train/archery/-1q7jA3DXQM_000005_000015,corrected,0.4,4,2.323685646057129,0.22986312210559845
kinetics_mini,train/archery/-1q7jA3DXQM_000005_000015,corrected,0.4,6,2.2724862098693848,0.23355431854724884
kinetics_mini,train/archery/-1q7jA3DXQM_000005_000015,corrected,0.4,8,2.221139430999756,0.23148705065250397
kinetics_mini,train/archery/-1q7jA3DXQM_000005_000015,corrected,0.4,12,2.2368321418762207,0.2325592339038849
kinetics_mini,train/archery/-1q7jA3DXQM_000005_000015,corrected,0.4,16,2.0850272178649902,0.23087768256664276
kinetics_mini,train/archery/-1q7jA3DXQM_000005_000015,corrected,0.4,24,2.046276569366455,0.2311307042837143
kinetics_mini,train/archery/-1q7jA3DXQM_000005_000015,corrected,0.4,32,2.0092029571533203,0.23150669038295746
kinetics_mini,train/archery/-1q7jA3DXQM_000005_000015,corrected,0.8,2,2.310649871826172,0.2348787635564804
kinetics_mini,train/archery/-1q7jA3DXQM_000005_000015,corrected,0.8,4,2.264402389526367,0.2326323688030243
kinetics_mini,train/archery/-1q7jA3DXQM_000005_000015,corrected,0.8,6,2.238229274749756,0.23512770235538483
kinetics_mini,train/archery/-1q7jA3DXQM_000005_000015,corrected,0.8,8,2.1894371509552,0.23314478993415833
kinetics_mini,train/archery/-1q7jA3DXQM_000005_000015,corrected,0.8,12,2.1936702728271484,0.23564204573631287
kinetics_mini,train/archery/-1q7jA3DXQM_000005_000015,corrected,0.8,16,2.039114236831665,0.23332594335079193
kinetics_mini,train/archery/-1q7jA3DXQM_000005_000015,corrected,0.8,24,2.012655735015869,0.2332749366760254
kinetics_mini,train/archery/-1q7jA3DXQM_000005_000015,corrected,0.8,32,1.9830775260925293,0.2329595386981964
kinetics_mini,train/archery/-5NN5hdIwTc_000036_000046,pure,0.0,2,2.3540964126586914,0.2877967655658722
kinetics_mini,train/archery/-5NN5hdIwTc_000036_000046,pure,0.0,4,2.273261547088623,0.2879641652107239
kinetics_mini,train/archery/-5NN5hdIwTc_000036_000046,pure,0.0,6,2.204136610031128,0.289065957069397
kinetics_mini,train/archery/-5NN5hdIwTc_000036_000046,pure,0.0,8,2.1641483306884766,0.29234686493873596
kinetics_mini,train/archery/-5NN5hdIwTc_000036_000046,pure,0.0,12,2.266352653503418,0.289488285779953
kinetics_mini,train/archery/-5NN5hdIwTc_000036_000046,pure,0.0,16,2.1457359790802,0.29042232036590576
kinetics_mini,train/archery/-5NN5hdIwTc_000036_000046,pure,0.0,24,2.212291717529297,0.2884589433670044
kinetics_mini,train/archery/-5NN5hdIwTc_000036_000046,pure,0.0,32,2.1806037425994873,0.2894041836261749
kinetics_mini,train/archery/-5NN5hdIwTc_000036_000046,pure,0.05,2,2.353966236114502,0.2877931296825409
kinetics_mini,train/archery/-5NN5hdIwTc_000036_000046,pure,0.05,4,2.273143768310547,0.2879752516746521
kinetics_mini,train/archery/-5NN5hdIwTc_000036_000046,pure,0.05,6,2.203897476196289,0.28908053040504456
kinetics_mini,train/archery/-5NN5hdIwTc_000036_000046,pure,0.05,8,2.1639769077301025,0.29236137866973877
kinetics_mini,train/archery/-5NN5hdIwTc_000036_000046,pure,0.05,12,2.2661845684051514,0.28949174284935
kinetics_mini,train/archery/-5NN5hdIwTc_000036_000046,pure,0.05,16,2.1456093788146973,0.2904343903064728
kinetics_mini,train/archery/-5NN5hdIwTc_000036_000046,pure,0.05,24,2.212148666381836,0.2884671986103058
kinetics_mini,train/archery/-5NN5hdIwTc_000036_000046,pure,0.05,32,2.1805243492126465,0.2894096374511719
kinetics_mini,train/archery/-5NN5hdIwTc_000036_000046,pure,0.1,2,2.3543920516967773,0.28782206773757935
kinetics_mini,train/archery/-5NN5hdIwTc_000036_000046,pure,0.1,4,2.2740087509155273,0.2880256474018097
kinetics_mini,train/archery/-5NN5hdIwTc_000036_000046,pure,0.1,6,2.2046685218811035,0.2891099750995636
kinetics_mini,train/archery/-5NN5hdIwTc_000036_000046,pure,0.1,8,2.1645774841308594,0.2923937737941742
kinetics_mini,train/archery/-5NN5hdIwTc_000036_000046,pure,0.1,12,2.2668771743774414,0.2895243763923645
kinetics_mini,train/archery/-5NN5hdIwTc_000036_000046,pure,0.1,16,2.1465253829956055,0.29046881198883057
kinetics_mini,train/archery/-5NN5hdIwTc_000036_000046,pure,0.1,24,2.2124814987182617,0.28850480914115906
kinetics_mini,train/archery/-5NN5hdIwTc_000036_000046,pure,0.1,32,2.1805315017700195,0.2894335687160492
kinetics_mini,train/archery/-5NN5hdIwTc_000036_000046,pure,0.2,2,2.354031562805176,0.28778114914894104
kinetics_mini,train/archery/-5NN5hdIwTc_000036_000046,pure,0.2,4,2.272817611694336,0.2880404591560364
kinetics_mini,train/archery/-5NN5hdIwTc_000036_000046,pure,0.2,6,2.204071521759033,0.2891126275062561
kinetics_mini,train/archery/-5NN5hdIwTc_000036_000046,pure,0.2,8,2.1637487411499023,0.29240018129348755
kinetics_mini,train/archery/-5NN5hdIwTc_000036_000046,pure,0.2,12,2.2660670280456543,0.28946611285209656
kinetics_mini,train/archery/-5NN5hdIwTc_000036_000046,pure,0.2,16,2.1447832584381104,0.2904621660709381
kinetics_mini,train/archery/-5NN5hdIwTc_000036_000046,pure,0.2,24,2.2119204998016357,0.2885282337665558
kinetics_mini,train/archery/-5NN5hdIwTc_000036_000046,pure,0.2,32,2.1809439659118652,0.28945937752723694
kinetics_mini,train/archery/-5NN5hdIwTc_000036_000046,pure,0.4,2,2.352354049682617,0.2880234718322754
kinetics_mini,train/archery/-5NN5hdIwTc_000036_000046,pure,0.4,4,2.2721152305603027,0.2881599962711334
kinetics_mini,train/archery/-5NN5hdIwTc_000036_000046,pure,0.4,6,2.204159736633301,0.2891579866409302
kinetics_mini,train/archery/-5NN5hdIwTc_000036_000046,pure,0.4,8,2.1640570163726807,0.2924434244632721
kinetics_mini,train/archery/-5NN5hdIwTc_000036_000046,pure,0.4,12,2.2651400566101074,0.28965264558792114
kinetics_mini,train/archery/-5NN5hdIwTc_000036_000046,pure,0.4,16,2.1445975303649902,0.29050886631011963
kinetics_mini,train/archery/-5NN5hdIwTc_000036_000046,pure,0.4,24,2.21220064163208,0.28854015469551086
kinetics_mini,train/archery/-5NN5hdIwTc_000036_000046,pure,0.4,32,2.1810672283172607,0.2894771099090576
kinetics_mini,train/archery/-5NN5hdIwTc_000036_000046,pure,0.8,2,2.3511457443237305,0.2882011830806732
kinetics_mini,train/archery/-5NN5hdIwTc_000036_000046,pure,0.8,4,2.269716739654541,0.2880167067050934
kinetics_mini,train/archery/-5NN5hdIwTc_000036_000046,pure,0.8,6,2.2049126625061035,0.28890538215637207
kinetics_mini,train/archery/-5NN5hdIwTc_000036_000046,pure,0.8,8,2.165205240249634,0.2922840118408203
kinetics_mini,train/archery/-5NN5hdIwTc_000036_000046,pure,0.8,12,2.2621963024139404,0.2897891700267792
kinetics_mini,train/archery/-5NN5hdIwTc_000036_000046,pure,0.8,16,2.146021604537964,0.2904548645019531
kinetics_mini,train/archery/-5NN5hdIwTc_000036_000046,pure,0.8,24,2.21388578414917,0.2884773015975952
kinetics_mini,train/archery/-5NN5hdIwTc_000036_000046,pure,0.8,32,2.1828808784484863,0.2895662486553192
kinetics_mini,train/archery/-5NN5hdIwTc_000036_000046,corrected,0.0,2,2.27230167388916,0.2891126275062561
kinetics_mini,train/archery/-5NN5hdIwTc_000036_000046,corrected,0.0,4,2.286712408065796,0.2880917191505432
kinetics_mini,train/archery/-5NN5hdIwTc_000036_000046,corrected,0.0,6,2.2439332008361816,0.2899610996246338
kinetics_mini,train/archery/-5NN5hdIwTc_000036_000046,corrected,0.0,8,2.1970629692077637,0.29268932342529297
kinetics_mini,train/archery/-5NN5hdIwTc_000036_000046,corrected,0.0,12,2.2341651916503906,0.2891683578491211
kinetics_mini,train/archery/-5NN5hdIwTc_000036_000046,corrected,0.0,16,2.140871286392212,0.29013845324516296
kinetics_mini,train/archery/-5NN5hdIwTc_000036_000046,corrected,0.0,24,2.212343215942383,0.28887179493904114
kinetics_mini,train/archery/-5NN5hdIwTc_000036_000046,corrected,0.0,32,2.216993808746338,0.2908742427825928
kinetics_mini,train/archery/-5NN5hdIwTc_000036_000046,corrected,0.05,2,2.2716236114501953,0.2891208827495575
kinetics_mini,train/archery/-5NN5hdIwTc_000036_000046,corrected,0.05,4,2.2861831188201904,0.28807929158210754
kinetics_mini,train/archery/-5NN5hdIwTc_000036_000046,corrected,0.05,6,2.242856025695801,0.28997185826301575
kinetics_mini,train/archery/-5NN5hdIwTc_000036_000046,corrected,0.05,8,2.196014404296875,0.2927122712135315
kinetics_mini,train/archery/-5NN5hdIwTc_000036_000046,corrected,0.05,12,2.2326011657714844,0.2891506552696228
kinetics_mini,train/archery/-5NN5hdIwTc_000036_000046,corrected,0.05,16,2.139728307723999,0.2901732921600342
kinetics_mini,train/archery/-5NN5hdIwTc_000036_000046,corrected,0.05,24,2.2109179496765137,0.28889960050582886
kinetics_mini,train/archery/-5NN5hdIwTc_000036_000046,corrected,0.05,32,2.216240882873535,0.29091548919677734
kinetics_mini,train/archery/-5NN5hdIwTc_000036_000046,corrected,0.1,2,2.2723593711853027,0.28915977478027344
kinetics_mini,train/archery/-5NN5hdIwTc_000036_000046,corrected,0.1,4,2.285984992980957,0.2881825268268585
kinetics_mini,train/archery/-5NN5hdIwTc_000036_000046,corrected,0.1,6,2.24247670173645,0.2899533212184906
kinetics_mini,train/archery/-5NN5hdIwTc_000036_000046,corrected,0.1,8,2.196179151535034,0.2926486134529114
kinetics_mini,train/archery/-5NN5hdIwTc_000036_000046,corrected,0.1,12,2.2339212894439697,0.2891681492328644
kinetics_mini,train/archery/-5NN5hdIwTc_000036_000046,corrected,0.1,16,2.139194965362549,0.29013705253601074
kinetics_mini,train/archery/-5NN5hdIwTc_000036_000046,corrected,0.1,24,2.2105650901794434,0.2888398766517639
kinetics_mini,train/archery/-5NN5hdIwTc_000036_000046,corrected,0.1,32,2.2147769927978516,0.29081833362579346
kinetics_mini,train/archery/-5NN5hdIwTc_000036_000046,corrected,0.2,2,2.2694082260131836,0.28924858570098877
kinetics_mini,train/archery/-5NN5hdIwTc_000036_000046,corrected,0.2,4,2.2830991744995117,0.28818801045417786
kinetics_mini,train/archery/-5NN5hdIwTc_000036_000046,corrected,0.2,6,2.2380566596984863,0.2901277244091034
kinetics_mini,train/archery/-5NN5hdIwTc_000036_000046,corrected,0.2,8,2.190929889678955,0.2927565574645996
kinetics_mini,train/archery/-5NN5hdIwTc_000036_000046,corrected,0.2,12,2.2331411838531494,0.2892627418041229
kinetics_mini,train/archery/-5NN5hdIwTc_000036_000046,corrected,0.2,16,2.135653257369995,0.2902764678001404
kinetics_mini,train/archery/-5NN5hdIwTc_000036_000046,corrected,0.2,24,2.210608720779419,0.2887786030769348
kinetics_mini,train/archery/-5NN5hdIwTc_000036_000046,corrected,0.2,32,2.2147419452667236,0.29086029529571533
kinetics_mini,train/archery/-5NN5hdIwTc_000036_000046,corrected,0.4,2,2.27301025390625,0.28973257541656494
kinetics_mini,train/archery/-5NN5hdIwTc_000036_000046,corrected,0.4,4,2.284200668334961,0.2886113226413727
kinetics_mini,train/archery/-5NN5hdIwTc_000036_000046,corrected,0.4,6,2.2409253120422363,0.29027995467185974
kinetics_mini,train/archery/-5NN5hdIwTc_000036_000046,corrected,0.4,8,2.1965904235839844,0.2927892804145813
kinetics_mini,train/archery/-5NN5hdIwTc_000036_000046,corrected,0.4,12,2.2297253608703613,0.28933191299438477
kinetics_mini,train/archery/-5NN5hdIwTc_000036_000046,corrected,0.4,16,2.1303837299346924,0.2906370162963867
kinetics_mini,train/archery/-5NN5hdIwTc_000036_000046,corrected,0.4,24,2.2037336826324463,0.28923213481903076
kinetics_mini,train/archery/-5NN5hdIwTc_000036_000046,corrected,0.4,32,2.2156739234924316,0.2914031744003296
kinetics_mini,train/archery/-5NN5hdIwTc_000036_000046,corrected,0.8,2,2.2739100456237793,0.2905658483505249
kinetics_mini,train/archery/-5NN5hdIwTc_000036_000046,corrected,0.8,4,2.2824363708496094,0.28941887617111206
kinetics_mini,train/archery/-5NN5hdIwTc_000036_000046,corrected,0.8,6,2.250403881072998,0.29060742259025574
kinetics_mini,train/archery/-5NN5hdIwTc_000036_000046,corrected,0.8,8,2.194340705871582,0.29330748319625854
kinetics_mini,train/archery/-5NN5hdIwTc_000036_000046,corrected,0.8,12,2.2368736267089844,0.29024288058280945
kinetics_mini,train/archery/-5NN5hdIwTc_000036_000046,corrected,0.8,16,2.1284782886505127,0.2915821373462677
kinetics_mini,train/archery/-5NN5hdIwTc_000036_000046,corrected,0.8,24,2.1986899375915527,0.2898108959197998
kinetics_mini,train/archery/-5NN5hdIwTc_000036_000046,corrected,0.8,32,2.218637228012085,0.2917170226573944
kinetics_mini,train/archery/-GcVBfs4zw8_000007_000017,pure,0.0,2,2.3324527740478516,0.39437371492385864
kinetics_mini,train/archery/-GcVBfs4zw8_000007_000017,pure,0.0,4,2.319401979446411,0.3906019628047943
kinetics_mini,train/archery/-GcVBfs4zw8_000007_000017,pure,0.0,6,2.2770984172821045,0.39125388860702515
kinetics_mini,train/archery/-GcVBfs4zw8_000007_000017,pure,0.0,8,2.2875592708587646,0.3900538682937622
kinetics_mini,train/archery/-GcVBfs4zw8_000007_000017,pure,0.0,12,2.2827835083007812,0.3949339687824249
kinetics_mini,train/archery/-GcVBfs4zw8_000007_000017,pure,0.0,16,2.179048538208008,0.39136138558387756
kinetics_mini,train/archery/-GcVBfs4zw8_000007_000017,pure,0.0,24,2.0616447925567627,0.3942191004753113
kinetics_mini,train/archery/-GcVBfs4zw8_000007_000017,pure,0.0,32,2.0710153579711914,0.38866573572158813
kinetics_mini,train/archery/-GcVBfs4zw8_000007_000017,pure,0.05,2,2.3324365615844727,0.3943443298339844
kinetics_mini,train/archery/-GcVBfs4zw8_000007_000017,pure,0.05,4,2.3194589614868164,0.39058855175971985
kinetics_mini,train/archery/-GcVBfs4zw8_000007_000017,pure,0.05,6,2.2769436836242676,0.3912440836429596
kinetics_mini,train/archery/-GcVBfs4zw8_000007_000017,pure,0.05,8,2.2874162197113037,0.3900395333766937
kinetics_mini,train/archery/-GcVBfs4zw8_000007_000017,pure,0.05,12,2.2826602458953857,0.39492473006248474
kinetics_mini,train/archery/-GcVBfs4zw8_000007_000017,pure,0.05,16,2.178835153579712,0.39134877920150757
kinetics_mini,train/archery/-GcVBfs4zw8_000007_000017,pure,0.05,24,2.0615291595458984,0.394210547208786
kinetics_mini,train/archery/-GcVBfs4zw8_000007_000017,pure,0.05,32,2.07092547416687,0.38864970207214355
kinetics_mini,train/archery/-GcVBfs4zw8_000007_000017,pure,0.1,2,2.3332571983337402,0.394349604845047
kinetics_mini,train/archery/-GcVBfs4zw8_000007_000017,pure,0.1,4,2.319650650024414,0.3906136751174927
kinetics_mini,train/archery/-GcVBfs4zw8_000007_000017,pure,0.1,6,2.277383327484131,0.3912622332572937
kinetics_mini,train/archery/-GcVBfs4zw8_000007_000017,pure,0.1,8,2.2877566814422607,0.3900708556175232
kinetics_mini,train/archery/-GcVBfs4zw8_000007_000017,pure,0.1,12,2.282472610473633,0.3949330449104309
kinetics_mini,train/archery/-GcVBfs4zw8_000007_000017,pure,0.1,16,2.1793384552001953,0.3913833498954773
kinetics_mini,train/archery/-GcVBfs4zw8_000007_000017,pure,0.1,24,2.061816453933716,0.3942512273788452
kinetics_mini,train/archery/-GcVBfs4zw8_000007_000017,pure,0.1,32,2.0713753700256348,0.38869377970695496
kinetics_mini,train/archery/-GcVBfs4zw8_000007_000017,pure,0.2,2,2.331221103668213,0.39438730478286743
kinetics_mini,train/archery/-GcVBfs4zw8_000007_000017,pure,0.2,4,2.3191986083984375,0.39061108231544495
kinetics_mini,train/archery/-GcVBfs4zw8_000007_000017,pure,0.2,6,2.276561737060547,0.3912847936153412
kinetics_mini,train/archery/-GcVBfs4zw8_000007_000017,pure,0.2,8,2.287069320678711,0.3900745213031769
kinetics_mini,train/archery/-GcVBfs4zw8_000007_000017,pure,0.2,12,2.2816162109375,0.39493608474731445
kinetics_mini,train/archery/-GcVBfs4zw8_000007_000017,pure,0.2,16,2.178710699081421,0.39136627316474915
kinetics_mini,train/archery/-GcVBfs4zw8_000007_000017,pure,0.2,24,2.061525821685791,0.3942236602306366
kinetics_mini,train/archery/-GcVBfs4zw8_000007_000017,pure,0.2,32,2.0703208446502686,0.3887237310409546
kinetics_mini,train/archery/-GcVBfs4zw8_000007_000017,pure,0.4,2,2.329633951187134,0.39463886618614197
kinetics_mini,train/archery/-GcVBfs4zw8_000007_000017,pure,0.4,4,2.316925525665283,0.39056694507598877
kinetics_mini,train/archery/-GcVBfs4zw8_000007_000017,pure,0.4,6,2.274293899536133,0.391298770904541
kinetics_mini,train/archery/-GcVBfs4zw8_000007_000017,pure,0.4,8,2.2838590145111084,0.3901112675666809
kinetics_mini,train/archery/-GcVBfs4zw8_000007_000017,pure,0.4,12,2.2791833877563477,0.39516356587409973
kinetics_mini,train/archery/-GcVBfs4zw8_000007_000017,pure,0.4,16,2.174621820449829,0.3914214074611664
kinetics_mini,train/archery/-GcVBfs4zw8_000007_000017,pure,0.4,24,2.057558298110962,0.3942672908306122
kinetics_mini,train/archery/-GcVBfs4zw8_000007_000017,pure,0.4,32,2.0665576457977295,0.388764888048172
kinetics_mini,train/archery/-GcVBfs4zw8_000007_000017,pure,0.8,2,2.324997901916504,0.3950205147266388
kinetics_mini,train/archery/-GcVBfs4zw8_000007_000017,pure,0.8,4,2.316141128540039,0.3907179832458496
kinetics_mini,train/archery/-GcVBfs4zw8_000007_000017,pure,0.8,6,2.278134346008301,0.3916357159614563
kinetics_mini,train/archery/-GcVBfs4zw8_000007_000017,pure,0.8,8,2.287194013595581,0.39032748341560364
kinetics_mini,train/archery/-GcVBfs4zw8_000007_000017,pure,0.8,12,2.2769367694854736,0.3954569101333618
kinetics_mini,train/archery/-GcVBfs4zw8_000007_000017,pure,0.8,16,2.1775732040405273,0.39173829555511475
kinetics_mini,train/archery/-GcVBfs4zw8_000007_000017,pure,0.8,24,2.058515787124634,0.39432984590530396
kinetics_mini,train/archery/-GcVBfs4zw8_000007_000017,pure,0.8,32,2.0708510875701904,0.38922885060310364
kinetics_mini,train/archery/-GcVBfs4zw8_000007_000017,corrected,0.0,2,2.428807020187378,0.38426047563552856
kinetics_mini,train/archery/-GcVBfs4zw8_000007_000017,corrected,0.0,4,2.419524669647217,0.38218992948532104
kinetics_mini,train/archery/-GcVBfs4zw8_000007_000017,corrected,0.0,6,2.384887218475342,0.3856748938560486
kinetics_mini,train/archery/-GcVBfs4zw8_000007_000017,corrected,0.0,8,2.3463802337646484,0.385369211435318
kinetics_mini,train/archery/-GcVBfs4zw8_000007_000017,corrected,0.0,12,2.349179267883301,0.38490933179855347
kinetics_mini,train/archery/-GcVBfs4zw8_000007_000017,corrected,0.0,16,2.269407272338867,0.3836221992969513
kinetics_mini,train/archery/-GcVBfs4zw8_000007_000017,corrected,0.0,24,2.1475677490234375,0.3847501277923584
kinetics_mini,train/archery/-GcVBfs4zw8_000007_000017,corrected,0.0,32,2.1269216537475586,0.3832486867904663
kinetics_mini,train/archery/-GcVBfs4zw8_000007_000017,corrected,0.05,2,2.4259791374206543,0.38446706533432007
kinetics_mini,train/archery/-GcVBfs4zw8_000007_000017,corrected,0.05,4,2.4174304008483887,0.3823479413986206
kinetics_mini,train/archery/-GcVBfs4zw8_000007_000017,corrected,0.05,6,2.383204460144043,0.38577741384506226
kinetics_mini,train/archery/-GcVBfs4zw8_000007_000017,corrected,0.05,8,2.3449816703796387,0.3855142295360565
kinetics_mini,train/archery/-GcVBfs4zw8_000007_000017,corrected,0.05,12,2.347769021987915,0.38506370782852173
kinetics_mini,train/archery/-GcVBfs4zw8_000007_000017,corrected,0.05,16,2.267704725265503,0.38376280665397644
kinetics_mini,train/archery/-GcVBfs4zw8_000007_000017,corrected,0.05,24,2.146963596343994,0.38483795523643494
kinetics_mini,train/archery/-GcVBfs4zw8_000007_000017,corrected,0.05,32,2.126194477081299,0.38329967856407166
kinetics_mini,train/archery/-GcVBfs4zw8_000007_000017,corrected,0.1,2,2.4327330589294434,0.3841576874256134
kinetics_mini,train/archery/-GcVBfs4zw8_000007_000017,corrected,0.1,4,2.4223058223724365,0.38202470541000366
kinetics_mini,train/archery/-GcVBfs4zw8_000007_000017,corrected,0.1,6,2.387808084487915,0.3854829967021942
kinetics_mini,train/archery/-GcVBfs4zw8_000007_000017,corrected,0.1,8,2.350393533706665,0.38517969846725464
kinetics_mini,train/archery/-GcVBfs4zw8_000007_000017,corrected,0.1,12,2.353675127029419,0.38482236862182617
kinetics_mini,train/archery/-GcVBfs4zw8_000007_000017,corrected,0.1,16,2.2741339206695557,0.38348388671875
kinetics_mini,train/archery/-GcVBfs4zw8_000007_000017,corrected,0.1,24,2.150325298309326,0.38463136553764343
kinetics_mini,train/archery/-GcVBfs4zw8_000007_000017,corrected,0.1,32,2.12669038772583,0.3831782937049866
kinetics_mini,train/archery/-GcVBfs4zw8_000007_000017,corrected,0.2,2,2.4215686321258545,0.3840559720993042
kinetics_mini,train/archery/-GcVBfs4zw8_000007_000017,corrected,0.2,4,2.411407470703125,0.3820779025554657
kinetics_mini,train/archery/-GcVBfs4zw8_000007_000017,corrected,0.2,6,2.3790454864501953,0.38564562797546387
kinetics_mini,train/archery/-GcVBfs4zw8_000007_000017,corrected,0.2,8,2.3397581577301025,0.38539373874664307
kinetics_mini,train/archery/-GcVBfs4zw8_000007_000017,corrected,0.2,12,2.343179702758789,0.3845542073249817
kinetics_mini,train/archery/-GcVBfs4zw8_000007_000017,corrected,0.2,16,2.2601850032806396,0.38364744186401367
kinetics_mini,train/archery/-GcVBfs4zw8_000007_000017,corrected,0.2,24,2.148793935775757,0.3843699097633362
kinetics_mini,train/archery/-GcVBfs4zw8_000007_000017,corrected,0.2,32,2.1278457641601562,0.3830086588859558
kinetics_mini,train/archery/-GcVBfs4zw8_000007_000017,corrected,0.4,2,2.4239072799682617,0.3846868872642517
kinetics_mini,train/archery/-GcVBfs4zw8_000007_000017,corrected,0.4,4,2.4126839637756348,0.38225769996643066
kinetics_mini,train/archery/-GcVBfs4zw8_000007_000017,corrected,0.4,6,2.3824095726013184,0.38563641905784607
kinetics_mini,train/archery/-GcVBfs4zw8_000007_000017,corrected,0.4,8,2.346054792404175,0.3850801885128021
kinetics_mini,train/archery/-GcVBfs4zw8_000007_000017,corrected,0.4,12,2.352506637573242,0.3846284747123718
kinetics_mini,train/archery/-GcVBfs4zw8_000007_000017,corrected,0.4,16,2.2675487995147705,0.3837240934371948
kinetics_mini,train/archery/-GcVBfs4zw8_000007_000017,corrected,0.4,24,2.1445419788360596,0.3839936852455139
kinetics_mini,train/archery/-GcVBfs4zw8_000007_000017,corrected,0.4,32,2.1212644577026367,0.38208895921707153
kinetics_mini,train/archery/-GcVBfs4zw8_000007_000017,corrected,0.8,2,2.4193472862243652,0.3832230269908905
kinetics_mini,train/archery/-GcVBfs4zw8_000007_000017,corrected,0.8,4,2.3919901847839355,0.3823096454143524
kinetics_mini,train/archery/-GcVBfs4zw8_000007_000017,corrected,0.8,6,2.366665840148926,0.38647669553756714
kinetics_mini,train/archery/-GcVBfs4zw8_000007_000017,corrected,0.8,8,2.3249857425689697,0.38633033633232117
kinetics_mini,train/archery/-GcVBfs4zw8_000007_000017,corrected,0.8,12,2.334980010986328,0.38349679112434387
kinetics_mini,train/archery/-GcVBfs4zw8_000007_000017,corrected,0.8,16,2.256852865219116,0.3831283450126648
kinetics_mini,train/archery/-GcVBfs4zw8_000007_000017,corrected,0.8,24,2.141772747039795,0.3835877776145935
kinetics_mini,train/archery/-GcVBfs4zw8_000007_000017,corrected,0.8,32,2.1199772357940674,0.38345077633857727
kinetics_mini,train/archery/-Hn5WqDh9hI_000104_000114,pure,0.0,2,2.510331153869629,0.44395625591278076
kinetics_mini,train/archery/-Hn5WqDh9hI_000104_000114,pure,0.0,4,2.4229354858398438,0.43660813570022583
kinetics_mini,train/archery/-Hn5WqDh9hI_000104_000114,pure,0.0,6,2.4551234245300293,0.4410059452056885
kinetics_mini,train/archery/-Hn5WqDh9hI_000104_000114,pure,0.0,8,2.4085638523101807,0.44343283772468567
kinetics_mini,train/archery/-Hn5WqDh9hI_000104_000114,pure,0.0,12,2.467548370361328,0.44436582922935486
kinetics_mini,train/archery/-Hn5WqDh9hI_000104_000114,pure,0.0,16,2.274409294128418,0.44057536125183105
kinetics_mini,train/archery/-Hn5WqDh9hI_000104_000114,pure,0.0,24,2.3697047233581543,0.44187912344932556
kinetics_mini,train/archery/-Hn5WqDh9hI_000104_000114,pure,0.0,32,2.380396842956543,0.44498351216316223
kinetics_mini,train/archery/-Hn5WqDh9hI_000104_000114,pure,0.05,2,2.510364055633545,0.44392940402030945
kinetics_mini,train/archery/-Hn5WqDh9hI_000104_000114,pure,0.05,4,2.4231762886047363,0.4365841746330261
kinetics_mini,train/archery/-Hn5WqDh9hI_000104_000114,pure,0.05,6,2.4550445079803467,0.4410023093223572
kinetics_mini,train/archery/-Hn5WqDh9hI_000104_000114,pure,0.05,8,2.4085965156555176,0.4434291124343872
kinetics_mini,train/archery/-Hn5WqDh9hI_000104_000114,pure,0.05,12,2.4676647186279297,0.44434571266174316
kinetics_mini,train/archery/-Hn5WqDh9hI_000104_000114,pure,0.05,16,2.274566650390625,0.44056180119514465
kinetics_mini,train/archery/-Hn5WqDh9hI_000104_000114,pure,0.05,24,2.3698620796203613,0.44187474250793457
kinetics_mini,train/archery/-Hn5WqDh9hI_000104_000114,pure,0.05,32,2.3802828788757324,0.44498708844184875
kinetics_mini,train/archery/-Hn5WqDh9hI_000104_000114,pure,0.1,2,2.510211944580078,0.4439876079559326
kinetics_mini,train/archery/-Hn5WqDh9hI_000104_000114,pure,0.1,4,2.4234259128570557,0.43660008907318115
kinetics_mini,train/archery/-Hn5WqDh9hI_000104_000114,pure,0.1,6,2.455474615097046,0.44099846482276917
kinetics_mini,train/archery/-Hn5WqDh9hI_000104_000114,pure,0.1,8,2.4089179039001465,0.4434329569339752
kinetics_mini,train/archery/-Hn5WqDh9hI_000104_000114,pure,0.1,12,2.4674715995788574,0.4443807303905487
kinetics_mini,train/archery/-Hn5WqDh9hI_000104_000114,pure,0.1,16,2.274714708328247,0.44058215618133545
kinetics_mini,train/archery/-Hn5WqDh9hI_000104_000114,pure,0.1,24,2.3701858520507812,0.44188424944877625
kinetics_mini,train/archery/-Hn5WqDh9hI_000104_000114,pure,0.1,32,2.3805007934570312,0.4449804127216339
kinetics_mini,train/archery/-Hn5WqDh9hI_000104_000114,pure,0.2,2,2.510446071624756,0.4440039098262787
kinetics_mini,train/archery/-Hn5WqDh9hI_000104_000114,pure,0.2,4,2.4232125282287598,0.43671852350234985
kinetics_mini,train/archery/-Hn5WqDh9hI_000104_000114,pure,0.2,6,2.4556150436401367,0.4410753846168518
kinetics_mini,train/archery/-Hn5WqDh9hI_000104_000114,pure,0.2,8,2.408906936645508,0.4435022473335266
kinetics_mini,train/archery/-Hn5WqDh9hI_000104_000114,pure,0.2,12,2.4679067134857178,0.4443723261356354
kinetics_mini,train/archery/-Hn5WqDh9hI_000104_000114,pure,0.2,16,2.274359703063965,0.4406700134277344
kinetics_mini,train/archery/-Hn5WqDh9hI_000104_000114,pure,0.2,24,2.369811773300171,0.44198212027549744
kinetics_mini,train/archery/-Hn5WqDh9hI_000104_000114,pure,0.2,32,2.3810272216796875,0.4450576603412628
kinetics_mini,train/archery/-Hn5WqDh9hI_000104_000114,pure,0.4,2,2.5121588706970215,0.4446273744106293
kinetics_mini,train/archery/-Hn5WqDh9hI_000104_000114,pure,0.4,4,2.4209675788879395,0.4367969036102295
kinetics_mini,train/archery/-Hn5WqDh9hI_000104_000114,pure,0.4,6,2.454871416091919,0.44107264280319214
kinetics_mini,train/archery/-Hn5WqDh9hI_000104_000114,pure,0.4,8,2.406895160675049,0.44351086020469666
kinetics_mini,train/archery/-Hn5WqDh9hI_000104_000114,pure,0.4,12,2.4701545238494873,0.4447477459907532
kinetics_mini,train/archery/-Hn5WqDh9hI_000104_000114,pure,0.4,16,2.2713003158569336,0.44076842069625854
kinetics_mini,train/archery/-Hn5WqDh9hI_000104_000114,pure,0.4,24,2.3672807216644287,0.4420090913772583
kinetics_mini,train/archery/-Hn5WqDh9hI_000104_000114,pure,0.4,32,2.379028797149658,0.44499650597572327
kinetics_mini,train/archery/-Hn5WqDh9hI_000104_000114,pure,0.8,2,2.5089430809020996,0.4458279609680176
kinetics_mini,train/archery/-Hn5WqDh9hI_000104_000114,pure,0.8,4,2.4121127128601074,0.4374326169490814
kinetics_mini,train/archery/-Hn5WqDh9hI_000104_000114,pure,0.8,6,2.449218988418579,0.4419628977775574
kinetics_mini,train/archery/-Hn5WqDh9hI_000104_000114,pure,0.8,8,2.4021620750427246,0.44440779089927673
kinetics_mini,train/archery/-Hn5WqDh9hI_000104_000114,pure,0.8,12,2.468520402908325,0.4452414810657501
kinetics_mini,train/archery/-Hn5WqDh9hI_000104_000114,pure,0.8,16,2.2646422386169434,0.4415096938610077
kinetics_mini,train/archery/-Hn5WqDh9hI_000104_000114,pure,0.8,24,2.359834909439087,0.44246917963027954
kinetics_mini,train/archery/-Hn5WqDh9hI_000104_000114,pure,0.8,32,2.3715832233428955,0.44550418853759766
kinetics_mini,train/archery/-Hn5WqDh9hI_000104_000114,corrected,0.0,2,2.4123592376708984,0.4478997588157654
kinetics_mini,train/archery/-Hn5WqDh9hI_000104_000114,corrected,0.0,4,2.396282434463501,0.438213050365448
kinetics_mini,train/archery/-Hn5WqDh9hI_000104_000114,corrected,0.0,6,2.4385855197906494,0.4410729706287384
kinetics_mini,train/archery/-Hn5WqDh9hI_000104_000114,corrected,0.0,8,2.377530097961426,0.4447163939476013
kinetics_mini,train/archery/-Hn5WqDh9hI_000104_000114,corrected,0.0,12,2.3646695613861084,0.4501068890094757
kinetics_mini,train/archery/-Hn5WqDh9hI_000104_000114,corrected,0.0,16,2.27415132522583,0.44744789600372314
kinetics_mini,train/archery/-Hn5WqDh9hI_000104_000114,corrected,0.0,24,2.321119785308838,0.4504004716873169
kinetics_mini,train/archery/-Hn5WqDh9hI_000104_000114,corrected,0.0,32,2.3865647315979004,0.4473317265510559
kinetics_mini,train/archery/-Hn5WqDh9hI_000104_000114,corrected,0.05,2,2.4131674766540527,0.4476863741874695
kinetics_mini,train/archery/-Hn5WqDh9hI_000104_000114,corrected,0.05,4,2.396669387817383,0.43799105286598206
kinetics_mini,train/archery/-Hn5WqDh9hI_000104_000114,corrected,0.05,6,2.438626527786255,0.440886914730072
kinetics_mini,train/archery/-Hn5WqDh9hI_000104_000114,corrected,0.05,8,2.377082347869873,0.4445125460624695
kinetics_mini,train/archery/-Hn5WqDh9hI_000104_000114,corrected,0.05,12,2.3646080493927,0.44989535212516785
kinetics_mini,train/archery/-Hn5WqDh9hI_000104_000114,corrected,0.05,16,2.2727763652801514,0.4472978413105011
kinetics_mini,train/archery/-Hn5WqDh9hI_000104_000114,corrected,0.05,24,2.320164203643799,0.4501895308494568
kinetics_mini,train/archery/-Hn5WqDh9hI_000104_000114,corrected,0.05,32,2.3841893672943115,0.4471713602542877
kinetics_mini,train/archery/-Hn5WqDh9hI_000104_000114,corrected,0.1,2,2.411581516265869,0.44848331809043884
kinetics_mini,train/archery/-Hn5WqDh9hI_000104_000114,corrected,0.1,4,2.3953402042388916,0.43885332345962524
kinetics_mini,train/archery/-Hn5WqDh9hI_000104_000114,corrected,0.1,6,2.439608335494995,0.4416416883468628
kinetics_mini,train/archery/-Hn5WqDh9hI_000104_000114,corrected,0.1,8,2.3781986236572266,0.4453077018260956
kinetics_mini,train/archery/-Hn5WqDh9hI_000104_000114,corrected,0.1,12,2.365497589111328,0.4507356286048889
kinetics_mini,train/archery/-Hn5WqDh9hI_000104_000114,corrected,0.1,16,2.2752127647399902,0.4479904770851135
kinetics_mini,train/archery/-Hn5WqDh9hI_000104_000114,corrected,0.1,24,2.3200619220733643,0.45071741938591003
kinetics_mini,train/archery/-Hn5WqDh9hI_000104_000114,corrected,0.1,32,2.381946563720703,0.4478340744972229
kinetics_mini,train/archery/-Hn5WqDh9hI_000104_000114,corrected,0.2,2,2.41709041595459,0.4481576979160309
kinetics_mini,train/archery/-Hn5WqDh9hI_000104_000114,corrected,0.2,4,2.397861957550049,0.438270628452301
kinetics_mini,train/archery/-Hn5WqDh9hI_000104_000114,corrected,0.2,6,2.4399423599243164,0.44074854254722595
kinetics_mini,train/archery/-Hn5WqDh9hI_000104_000114,corrected,0.2,8,2.3803696632385254,0.44435879588127136
kinetics_mini,train/archery/-Hn5WqDh9hI_000104_000114,corrected,0.2,12,2.369859218597412,0.45013096928596497
kinetics_mini,train/archery/-Hn5WqDh9hI_000104_000114,corrected,0.2,16,2.278059959411621,0.4470791220664978
kinetics_mini,train/archery/-Hn5WqDh9hI_000104_000114,corrected,0.2,24,2.331730365753174,0.4499533474445343
kinetics_mini,train/archery/-Hn5WqDh9hI_000104_000114,corrected,0.2,32,2.395536422729492,0.44669193029403687
kinetics_mini,train/archery/-Hn5WqDh9hI_000104_000114,corrected,0.4,2,2.4165420532226562,0.44896456599235535
kinetics_mini,train/archery/-Hn5WqDh9hI_000104_000114,corrected,0.4,4,2.4054174423217773,0.43916043639183044
kinetics_mini,train/archery/-Hn5WqDh9hI_000104_000114,corrected,0.4,6,2.4434661865234375,0.4417267441749573
kinetics_mini,train/archery/-Hn5WqDh9hI_000104_000114,corrected,0.4,8,2.3816699981689453,0.44534173607826233
kinetics_mini,train/archery/-Hn5WqDh9hI_000104_000114,corrected,0.4,12,2.3688554763793945,0.45124560594558716
kinetics_mini,train/archery/-Hn5WqDh9hI_000104_000114,corrected,0.4,16,2.2787551879882812,0.44813939929008484
kinetics_mini,train/archery/-Hn5WqDh9hI_000104_000114,corrected,0.4,24,2.3293168544769287,0.4512394368648529
kinetics_mini,train/archery/-Hn5WqDh9hI_000104_000114,corrected,0.4,32,2.4020447731018066,0.44801658391952515
kinetics_mini,train/archery/-Hn5WqDh9hI_000104_000114,corrected,0.8,2,2.447895050048828,0.44769424200057983
kinetics_mini,train/archery/-Hn5WqDh9hI_000104_000114,corrected,0.8,4,2.4200332164764404,0.43892383575439453
kinetics_mini,train/archery/-Hn5WqDh9hI_000104_000114,corrected,0.8,6,2.447720527648926,0.44126880168914795
kinetics_mini,train/archery/-Hn5WqDh9hI_000104_000114,corrected,0.8,8,2.392200231552124,0.4448417127132416
kinetics_mini,train/archery/-Hn5WqDh9hI_000104_000114,corrected,0.8,12,2.371194362640381,0.450699120759964
kinetics_mini,train/archery/-Hn5WqDh9hI_000104_000114,corrected,0.8,16,2.2856359481811523,0.44796881079673767
kinetics_mini,train/archery/-Hn5WqDh9hI_000104_000114,corrected,0.8,24,2.3130922317504883,0.45025166869163513
kinetics_mini,train/archery/-Hn5WqDh9hI_000104_000114,corrected,0.8,32,2.379028081893921,0.44719889760017395
kinetics_mini,train/archery/-Njxj40a0OQ_000000_000010,pure,0.0,2,2.0752663612365723,0.22976583242416382
kinetics_mini,train/archery/-Njxj40a0OQ_000000_000010,pure,0.0,4,2.105783462524414,0.22293196618556976
kinetics_mini,train/archery/-Njxj40a0OQ_000000_000010,pure,0.0,6,2.0619254112243652,0.23326414823532104
kinetics_mini,train/archery/-Njxj40a0OQ_000000_000010,pure,0.0,8,2.0357959270477295,0.22944656014442444
kinetics_mini,train/archery/-Njxj40a0OQ_000000_000010,pure,0.0,12,2.001830577850342,0.22567118704319
kinetics_mini,train/archery/-Njxj40a0OQ_000000_000010,pure,0.0,16,1.8478481769561768,0.22649428248405457
kinetics_mini,train/archery/-Njxj40a0OQ_000000_000010,pure,0.0,24,1.8007559776306152,0.2249593287706375
kinetics_mini,train/archery/-Njxj40a0OQ_000000_000010,pure,0.0,32,1.8437919616699219,0.23366190493106842
kinetics_mini,train/archery/-Njxj40a0OQ_000000_000010,pure,0.05,2,2.075416088104248,0.22977091372013092
kinetics_mini,train/archery/-Njxj40a0OQ_000000_000010,pure,0.05,4,2.1058952808380127,0.2229517102241516
kinetics_mini,train/archery/-Njxj40a0OQ_000000_000010,pure,0.05,6,2.061988115310669,0.2332671582698822
kinetics_mini,train/archery/-Njxj40a0OQ_000000_000010,pure,0.05,8,2.035888671875,0.22945347428321838
kinetics_mini,train/archery/-Njxj40a0OQ_000000_000010,pure,0.05,12,2.002103805541992,0.22568471729755402
kinetics_mini,train/archery/-Njxj40a0OQ_000000_000010,pure,0.05,16,1.8481019735336304,0.2265080213546753
kinetics_mini,train/archery/-Njxj40a0OQ_000000_000010,pure,0.05,24,1.8008058071136475,0.22497676312923431
kinetics_mini,train/archery/-Njxj40a0OQ_000000_000010,pure,0.05,32,1.843813180923462,0.23366065323352814
kinetics_mini,train/archery/-Njxj40a0OQ_000000_000010,pure,0.1,2,2.0747900009155273,0.2298194319009781
kinetics_mini,train/archery/-Njxj40a0OQ_000000_000010,pure,0.1,4,2.1057028770446777,0.22296954691410065
kinetics_mini,train/archery/-Njxj40a0OQ_000000_000010,pure,0.1,6,2.061516523361206,0.2332962602376938
kinetics_mini,train/archery/-Njxj40a0OQ_000000_000010,pure,0.1,8,2.0353691577911377,0.22948935627937317
kinetics_mini,train/archery/-Njxj40a0OQ_000000_000010,pure,0.1,12,2.0017521381378174,0.22571827471256256
kinetics_mini,train/archery/-Njxj40a0OQ_000000_000010,pure,0.1,16,1.8475360870361328,0.22652912139892578
kinetics_mini,train/archery/-Njxj40a0OQ_000000_000010,pure,0.1,24,1.800623893737793,0.2249922901391983
kinetics_mini,train/archery/-Njxj40a0OQ_000000_000010,pure,0.1,32,1.843408226966858,0.23369883000850677
kinetics_mini,train/archery/-Njxj40a0OQ_000000_000010,pure,0.2,2,2.073741912841797,0.22972822189331055
kinetics_mini,train/archery/-Njxj40a0OQ_000000_000010,pure,0.2,4,2.104569435119629,0.22290052473545074
kinetics_mini,train/archery/-Njxj40a0OQ_000000_000010,pure,0.2,6,2.060702323913574,0.23324382305145264
kinetics_mini,train/archery/-Njxj40a0OQ_000000_000010,pure,0.2,8,2.0348000526428223,0.2294234335422516
kinetics_mini,train/archery/-Njxj40a0OQ_000000_000010,pure,0.2,12,2.000901699066162,0.22564147412776947
kinetics_mini,train/archery/-Njxj40a0OQ_000000_000010,pure,0.2,16,1.846803903579712,0.22646868228912354
kinetics_mini,train/archery/-Njxj40a0OQ_000000_000010,pure,0.2,24,1.7998325824737549,0.22494108974933624
kinetics_mini,train/archery/-Njxj40a0OQ_000000_000010,pure,0.2,32,1.8422925472259521,0.23365123569965363
kinetics_mini,train/archery/-Njxj40a0OQ_000000_000010,pure,0.4,2,2.0733604431152344,0.23023179173469543
kinetics_mini,train/archery/-Njxj40a0OQ_000000_000010,pure,0.4,4,2.108588695526123,0.22312608361244202
kinetics_mini,train/archery/-Njxj40a0OQ_000000_000010,pure,0.4,6,2.062835693359375,0.23333288729190826
kinetics_mini,train/archery/-Njxj40a0OQ_000000_000010,pure,0.4,8,2.0359458923339844,0.22955982387065887
kinetics_mini,train/archery/-Njxj40a0OQ_000000_000010,pure,0.4,12,1.998228907585144,0.22597898542881012
kinetics_mini,train/archery/-Njxj40a0OQ_000000_000010,pure,0.4,16,1.846247911453247,0.22658616304397583
kinetics_mini,train/archery/-Njxj40a0OQ_000000_000010,pure,0.4,24,1.7999260425567627,0.22506585717201233
kinetics_mini,train/archery/-Njxj40a0OQ_000000_000010,pure,0.4,32,1.8413662910461426,0.2337227612733841
kinetics_mini,train/archery/-Njxj40a0OQ_000000_000010,pure,0.8,2,2.0727758407592773,0.23087050020694733
kinetics_mini,train/archery/-Njxj40a0OQ_000000_000010,pure,0.8,4,2.103625774383545,0.2233579009771347
kinetics_mini,train/archery/-Njxj40a0OQ_000000_000010,pure,0.8,6,2.060397148132324,0.2334108054637909
kinetics_mini,train/archery/-Njxj40a0OQ_000000_000010,pure,0.8,8,2.036374092102051,0.22971278429031372
kinetics_mini,train/archery/-Njxj40a0OQ_000000_000010,pure,0.8,12,1.9965543746948242,0.22641468048095703
kinetics_mini,train/archery/-Njxj40a0OQ_000000_000010,pure,0.8,16,1.8483736515045166,0.22674669325351715
kinetics_mini,train/archery/-Njxj40a0OQ_000000_000010,pure,0.8,24,1.7987143993377686,0.225019633769989
kinetics_mini,train/archery/-Njxj40a0OQ_000000_000010,pure,0.8,32,1.8420441150665283,0.23394016921520233
kinetics_mini,train/archery/-Njxj40a0OQ_000000_000010,corrected,0.0,2,2.206425905227661,0.21947091817855835
kinetics_mini,train/archery/-Njxj40a0OQ_000000_000010,corrected,0.0,4,2.154503345489502,0.2133045792579651
kinetics_mini,train/archery/-Njxj40a0OQ_000000_000010,corrected,0.0,6,2.0803253650665283,0.22153452038764954
kinetics_mini,train/archery/-Njxj40a0OQ_000000_000010,corrected,0.0,8,2.0529568195343018,0.2185913622379303
kinetics_mini,train/archery/-Njxj40a0OQ_000000_000010,corrected,0.0,12,2.1060590744018555,0.21724598109722137
kinetics_mini,train/archery/-Njxj40a0OQ_000000_000010,corrected,0.0,16,1.9252444505691528,0.21714965999126434
kinetics_mini,train/archery/-Njxj40a0OQ_000000_000010,corrected,0.0,24,1.8922511339187622,0.21626834571361542
kinetics_mini,train/archery/-Njxj40a0OQ_000000_000010,corrected,0.0,32,1.8994629383087158,0.2196124643087387
kinetics_mini,train/archery/-Njxj40a0OQ_000000_000010,corrected,0.05,2,2.2068705558776855,0.2194942981004715
kinetics_mini,train/archery/-Njxj40a0OQ_000000_000010,corrected,0.05,4,2.1537208557128906,0.21330153942108154
kinetics_mini,train/archery/-Njxj40a0OQ_000000_000010,corrected,0.05,6,2.078223943710327,0.22151479125022888
kinetics_mini,train/archery/-Njxj40a0OQ_000000_000010,corrected,0.05,8,2.0508854389190674,0.21857823431491852
kinetics_mini,train/archery/-Njxj40a0OQ_000000_000010,corrected,0.05,12,2.1057190895080566,0.2172786444425583
kinetics_mini,train/archery/-Njxj40a0OQ_000000_000010,corrected,0.05,16,1.9240361452102661,0.2171417474746704
kinetics_mini,train/archery/-Njxj40a0OQ_000000_000010,corrected,0.05,24,1.8912181854248047,0.2163211852312088
kinetics_mini,train/archery/-Njxj40a0OQ_000000_000010,corrected,0.05,32,1.8972530364990234,0.2196527123451233
kinetics_mini,train/archery/-Njxj40a0OQ_000000_000010,corrected,0.1,2,2.2078189849853516,0.21961091458797455
kinetics_mini,train/archery/-Njxj40a0OQ_000000_000010,corrected,0.1,4,2.155491828918457,0.21358664333820343
kinetics_mini,train/archery/-Njxj40a0OQ_000000_000010,corrected,0.1,6,2.0830321311950684,0.22178807854652405
kinetics_mini,train/archery/-Njxj40a0OQ_000000_000010,corrected,0.1,8,2.0552921295166016,0.21885687112808228
kinetics_mini,train/archery/-Njxj40a0OQ_000000_000010,corrected,0.1,12,2.104292869567871,0.2174018919467926
kinetics_mini,train/archery/-Njxj40a0OQ_000000_000010,corrected,0.1,16,1.9252395629882812,0.21736173331737518
kinetics_mini,train/archery/-Njxj40a0OQ_000000_000010,corrected,0.1,24,1.8935494422912598,0.21645626425743103
kinetics_mini,train/archery/-Njxj40a0OQ_000000_000010,corrected,0.1,32,1.900148868560791,0.21985399723052979
kinetics_mini,train/archery/-Njxj40a0OQ_000000_000010,corrected,0.2,2,2.213000535964966,0.21964360773563385
kinetics_mini,train/archery/-Njxj40a0OQ_000000_000010,corrected,0.2,4,2.1576719284057617,0.21331912279129028
kinetics_mini,train/archery/-Njxj40a0OQ_000000_000010,corrected,0.2,6,2.086061477661133,0.22130930423736572
kinetics_mini,train/archery/-Njxj40a0OQ_000000_000010,corrected,0.2,8,2.0564463138580322,0.2184002548456192
kinetics_mini,train/archery/-Njxj40a0OQ_000000_000010,corrected,0.2,12,2.1064071655273438,0.21731501817703247
kinetics_mini,train/archery/-Njxj40a0OQ_000000_000010,corrected,0.2,16,1.927894115447998,0.21701663732528687
kinetics_mini,train/archery/-Njxj40a0OQ_000000_000010,corrected,0.2,24,1.8973941802978516,0.21624964475631714
kinetics_mini,train/archery/-Njxj40a0OQ_000000_000010,corrected,0.2,32,1.9103176593780518,0.2195749282836914
kinetics_mini,train/archery/-Njxj40a0OQ_000000_000010,corrected,0.4,2,2.2254037857055664,0.21972085535526276
kinetics_mini,train/archery/-Njxj40a0OQ_000000_000010,corrected,0.4,4,2.170309066772461,0.21415841579437256
kinetics_mini,train/archery/-Njxj40a0OQ_000000_000010,corrected,0.4,6,2.0938665866851807,0.22229069471359253
kinetics_mini,train/archery/-Njxj40a0OQ_000000_000010,corrected,0.4,8,2.065786361694336,0.21906788647174835
kinetics_mini,train/archery/-Njxj40a0OQ_000000_000010,corrected,0.4,12,2.1236605644226074,0.2170582115650177
kinetics_mini,train/archery/-Njxj40a0OQ_000000_000010,corrected,0.4,16,1.9259154796600342,0.21762222051620483
kinetics_mini,train/archery/-Njxj40a0OQ_000000_000010,corrected,0.4,24,1.8988007307052612,0.2165980041027069
kinetics_mini,train/archery/-Njxj40a0OQ_000000_000010,corrected,0.4,32,1.9051262140274048,0.22039271891117096
kinetics_mini,train/archery/-Njxj40a0OQ_000000_000010,corrected,0.8,2,2.2331976890563965,0.21825970709323883
kinetics_mini,train/archery/-Njxj40a0OQ_000000_000010,corrected,0.8,4,2.1869773864746094,0.2124430239200592
kinetics_mini,train/archery/-Njxj40a0OQ_000000_000010,corrected,0.8,6,2.1126091480255127,0.22081297636032104
kinetics_mini,train/archery/-Njxj40a0OQ_000000_000010,corrected,0.8,8,2.078770875930786,0.21810005605220795
kinetics_mini,train/archery/-Njxj40a0OQ_000000_000010,corrected,0.8,12,2.1195645332336426,0.21612146496772766
kinetics_mini,train/archery/-Njxj40a0OQ_000000_000010,corrected,0.8,16,1.936506748199463,0.21622058749198914
kinetics_mini,train/archery/-Njxj40a0OQ_000000_000010,corrected,0.8,24,1.9018261432647705,0.21494261920452118
kinetics_mini,train/archery/-Njxj40a0OQ_000000_000010,corrected,0.8,32,1.9233481884002686,0.21961720287799835
kinetics_mini,train/archery/-OVw1usq968_000213_000223,pure,0.0,2,2.2444353103637695,0.3602829575538635
kinetics_mini,train/archery/-OVw1usq968_000213_000223,pure,0.0,4,2.1481668949127197,0.36020389199256897
kinetics_mini,train/archery/-OVw1usq968_000213_000223,pure,0.0,6,2.1491007804870605,0.3642376959323883
kinetics_mini,train/archery/-OVw1usq968_000213_000223,pure,0.0,8,2.117597818374634,0.3649041950702667
kinetics_mini,train/archery/-OVw1usq968_000213_000223,pure,0.0,12,2.14915132522583,0.36395102739334106
kinetics_mini,train/archery/-OVw1usq968_000213_000223,pure,0.0,16,2.0124003887176514,0.3682154417037964
kinetics_mini,train/archery/-OVw1usq968_000213_000223,pure,0.0,24,1.9082229137420654,0.36823511123657227
kinetics_mini,train/archery/-OVw1usq968_000213_000223,pure,0.0,32,1.7846269607543945,0.37119659781455994
kinetics_mini,train/archery/-OVw1usq968_000213_000223,pure,0.05,2,2.2443771362304688,0.36025121808052063
kinetics_mini,train/archery/-OVw1usq968_000213_000223,pure,0.05,4,2.148001194000244,0.36019498109817505
kinetics_mini,train/archery/-OVw1usq968_000213_000223,pure,0.05,6,2.149073600769043,0.36423105001449585
kinetics_mini,train/archery/-OVw1usq968_000213_000223,pure,0.05,8,2.117523193359375,0.36490172147750854
kinetics_mini,train/archery/-OVw1usq968_000213_000223,pure,0.05,12,2.1492326259613037,0.3639375567436218
kinetics_mini,train/archery/-OVw1usq968_000213_000223,pure,0.05,16,2.012363910675049,0.3682105839252472
kinetics_mini,train/archery/-OVw1usq968_000213_000223,pure,0.05,24,1.908329963684082,0.3682313859462738
kinetics_mini,train/archery/-OVw1usq968_000213_000223,pure,0.05,32,1.784281849861145,0.3711872696876526
kinetics_mini,train/archery/-OVw1usq968_000213_000223,pure,0.1,2,2.244223117828369,0.3602456748485565
kinetics_mini,train/archery/-OVw1usq968_000213_000223,pure,0.1,4,2.1477718353271484,0.36022070050239563
kinetics_mini,train/archery/-OVw1usq968_000213_000223,pure,0.1,6,2.148886203765869,0.3642346262931824
kinetics_mini,train/archery/-OVw1usq968_000213_000223,pure,0.1,8,2.1172420978546143,0.3649052381515503
kinetics_mini,train/archery/-OVw1usq968_000213_000223,pure,0.1,12,2.1494009494781494,0.3639408349990845
kinetics_mini,train/archery/-OVw1usq968_000213_000223,pure,0.1,16,2.0125138759613037,0.3682223856449127
kinetics_mini,train/archery/-OVw1usq968_000213_000223,pure,0.1,24,1.9084680080413818,0.3682527244091034
kinetics_mini,train/archery/-OVw1usq968_000213_000223,pure,0.1,32,1.784820318222046,0.37122467160224915
kinetics_mini,train/archery/-OVw1usq968_000213_000223,pure,0.2,2,2.2414021492004395,0.3603982627391815
kinetics_mini,train/archery/-OVw1usq968_000213_000223,pure,0.2,4,2.145463466644287,0.3603055477142334
kinetics_mini,train/archery/-OVw1usq968_000213_000223,pure,0.2,6,2.1482596397399902,0.36429697275161743
kinetics_mini,train/archery/-OVw1usq968_000213_000223,pure,0.2,8,2.1162867546081543,0.3649543821811676
kinetics_mini,train/archery/-OVw1usq968_000213_000223,pure,0.2,12,2.1469345092773438,0.364021360874176
kinetics_mini,train/archery/-OVw1usq968_000213_000223,pure,0.2,16,2.010782241821289,0.3682723045349121
kinetics_mini,train/archery/-OVw1usq968_000213_000223,pure,0.2,24,1.9070780277252197,0.36828652024269104
kinetics_mini,train/archery/-OVw1usq968_000213_000223,pure,0.2,32,1.7838691473007202,0.37125805020332336
kinetics_mini,train/archery/-OVw1usq968_000213_000223,pure,0.4,2,2.2462098598480225,0.3603675365447998
kinetics_mini,train/archery/-OVw1usq968_000213_000223,pure,0.4,4,2.1473875045776367,0.3600977659225464
kinetics_mini,train/archery/-OVw1usq968_000213_000223,pure,0.4,6,2.149959087371826,0.36418551206588745
kinetics_mini,train/archery/-OVw1usq968_000213_000223,pure,0.4,8,2.1176869869232178,0.3648465871810913
kinetics_mini,train/archery/-OVw1usq968_000213_000223,pure,0.4,12,2.1522469520568848,0.3640550673007965
kinetics_mini,train/archery/-OVw1usq968_000213_000223,pure,0.4,16,2.0117335319519043,0.3681424558162689
kinetics_mini,train/archery/-OVw1usq968_000213_000223,pure,0.4,24,1.9058589935302734,0.3681623935699463
kinetics_mini,train/archery/-OVw1usq968_000213_000223,pure,0.4,32,1.7823116779327393,0.37118229269981384
kinetics_mini,train/archery/-OVw1usq968_000213_000223,pure,0.8,2,2.2429864406585693,0.3611794412136078
kinetics_mini,train/archery/-OVw1usq968_000213_000223,pure,0.8,4,2.1471242904663086,0.3604441285133362
kinetics_mini,train/archery/-OVw1usq968_000213_000223,pure,0.8,6,2.1473894119262695,0.36441871523857117
kinetics_mini,train/archery/-OVw1usq968_000213_000223,pure,0.8,8,2.114309787750244,0.3651120960712433
kinetics_mini,train/archery/-OVw1usq968_000213_000223,pure,0.8,12,2.143496036529541,0.3644160032272339
kinetics_mini,train/archery/-OVw1usq968_000213_000223,pure,0.8,16,2.009265184402466,0.3683296740055084
kinetics_mini,train/archery/-OVw1usq968_000213_000223,pure,0.8,24,1.9058500528335571,0.36808714270591736
kinetics_mini,train/archery/-OVw1usq968_000213_000223,pure,0.8,32,1.7811269760131836,0.3714381158351898
kinetics_mini,train/archery/-OVw1usq968_000213_000223,corrected,0.0,2,2.214597702026367,0.36254844069480896
kinetics_mini,train/archery/-OVw1usq968_000213_000223,corrected,0.0,4,2.1587939262390137,0.3599497377872467
kinetics_mini,train/archery/-OVw1usq968_000213_000223,corrected,0.0,6,2.1718854904174805,0.3639964163303375
kinetics_mini,train/archery/-OVw1usq968_000213_000223,corrected,0.0,8,2.1555895805358887,0.364003449678421
kinetics_mini,train/archery/-OVw1usq968_000213_000223,corrected,0.0,12,2.135108232498169,0.3637894093990326
kinetics_mini,train/archery/-OVw1usq968_000213_000223,corrected,0.0,16,1.9896172285079956,0.36495351791381836
kinetics_mini,train/archery/-OVw1usq968_000213_000223,corrected,0.0,24,1.8624649047851562,0.36622482538223267
kinetics_mini,train/archery/-OVw1usq968_000213_000223,corrected,0.0,32,1.7857449054718018,0.36753758788108826
kinetics_mini,train/archery/-OVw1usq968_000213_000223,corrected,0.05,2,2.214646100997925,0.3625153601169586
kinetics_mini,train/archery/-OVw1usq968_000213_000223,corrected,0.05,4,2.159250020980835,0.3599422574043274
kinetics_mini,train/archery/-OVw1usq968_000213_000223,corrected,0.05,6,2.1715664863586426,0.3640270531177521
kinetics_mini,train/archery/-OVw1usq968_000213_000223,corrected,0.05,8,2.15553617477417,0.3640369176864624
kinetics_mini,train/archery/-OVw1usq968_000213_000223,corrected,0.05,12,2.1355416774749756,0.36376482248306274
kinetics_mini,train/archery/-OVw1usq968_000213_000223,corrected,0.05,16,1.989620566368103,0.3649705648422241
kinetics_mini,train/archery/-OVw1usq968_000213_000223,corrected,0.05,24,1.8630821704864502,0.36619189381599426
kinetics_mini,train/archery/-OVw1usq968_000213_000223,corrected,0.05,32,1.7865400314331055,0.36755797266960144
kinetics_mini,train/archery/-OVw1usq968_000213_000223,corrected,0.1,2,2.215610980987549,0.3623760938644409
kinetics_mini,train/archery/-OVw1usq968_000213_000223,corrected,0.1,4,2.155747890472412,0.35976824164390564
kinetics_mini,train/archery/-OVw1usq968_000213_000223,corrected,0.1,6,2.1685738563537598,0.3638443946838379
kinetics_mini,train/archery/-OVw1usq968_000213_000223,corrected,0.1,8,2.153822422027588,0.3638710677623749
kinetics_mini,train/archery/-OVw1usq968_000213_000223,corrected,0.1,12,2.1350536346435547,0.3636387288570404
kinetics_mini,train/archery/-OVw1usq968_000213_000223,corrected,0.1,16,1.989492654800415,0.36472856998443604
kinetics_mini,train/archery/-OVw1usq968_000213_000223,corrected,0.1,24,1.861440896987915,0.36604762077331543
kinetics_mini,train/archery/-OVw1usq968_000213_000223,corrected,0.1,32,1.7821018695831299,0.36736345291137695
kinetics_mini,train/archery/-OVw1usq968_000213_000223,corrected,0.2,2,2.210188865661621,0.36248263716697693
kinetics_mini,train/archery/-OVw1usq968_000213_000223,corrected,0.2,4,2.1551592350006104,0.35978326201438904
kinetics_mini,train/archery/-OVw1usq968_000213_000223,corrected,0.2,6,2.1711490154266357,0.3639267683029175
kinetics_mini,train/archery/-OVw1usq968_000213_000223,corrected,0.2,8,2.153825283050537,0.3639316260814667
kinetics_mini,train/archery/-OVw1usq968_000213_000223,corrected,0.2,12,2.133155584335327,0.36364519596099854
kinetics_mini,train/archery/-OVw1usq968_000213_000223,corrected,0.2,16,1.9928618669509888,0.3649531900882721
kinetics_mini,train/archery/-OVw1usq968_000213_000223,corrected,0.2,24,1.861804723739624,0.36627987027168274
kinetics_mini,train/archery/-OVw1usq968_000213_000223,corrected,0.2,32,1.7869595289230347,0.36794620752334595
kinetics_mini,train/archery/-OVw1usq968_000213_000223,corrected,0.4,2,2.209743022918701,0.3623671531677246
kinetics_mini,train/archery/-OVw1usq968_000213_000223,corrected,0.4,4,2.1492786407470703,0.35974761843681335
kinetics_mini,train/archery/-OVw1usq968_000213_000223,corrected,0.4,6,2.171835422515869,0.36356666684150696
kinetics_mini,train/archery/-OVw1usq968_000213_000223,corrected,0.4,8,2.1510844230651855,0.36352142691612244
kinetics_mini,train/archery/-OVw1usq968_000213_000223,corrected,0.4,12,2.136571168899536,0.3637278974056244
kinetics_mini,train/archery/-OVw1usq968_000213_000223,corrected,0.4,16,2.002702236175537,0.36484402418136597
kinetics_mini,train/archery/-OVw1usq968_000213_000223,corrected,0.4,24,1.8679454326629639,0.36617663502693176
kinetics_mini,train/archery/-OVw1usq968_000213_000223,corrected,0.4,32,1.786558985710144,0.3675224184989929
kinetics_mini,train/archery/-OVw1usq968_000213_000223,corrected,0.8,2,2.202712059020996,0.36112138628959656
kinetics_mini,train/archery/-OVw1usq968_000213_000223,corrected,0.8,4,2.157498836517334,0.35863742232322693
kinetics_mini,train/archery/-OVw1usq968_000213_000223,corrected,0.8,6,2.185110330581665,0.36245521903038025
kinetics_mini,train/archery/-OVw1usq968_000213_000223,corrected,0.8,8,2.1635756492614746,0.36258918046951294
kinetics_mini,train/archery/-OVw1usq968_000213_000223,corrected,0.8,12,2.1438422203063965,0.3620254099369049
kinetics_mini,train/archery/-OVw1usq968_000213_000223,corrected,0.8,16,1.9706898927688599,0.36402037739753723
kinetics_mini,train/archery/-OVw1usq968_000213_000223,corrected,0.8,24,1.846909999847412,0.3650037348270416
kinetics_mini,train/archery/-OVw1usq968_000213_000223,corrected,0.8,32,1.7952802181243896,0.3667745888233185
kinetics_mini,train/archery/-R5E3-cmrq8_000000_000010,pure,0.0,2,2.2090134620666504,0.38377344608306885
kinetics_mini,train/archery/-R5E3-cmrq8_000000_000010,pure,0.0,4,2.190901041030884,0.39237257838249207
kinetics_mini,train/archery/-R5E3-cmrq8_000000_000010,pure,0.0,6,2.2309350967407227,0.3810536861419678
kinetics_mini,train/archery/-R5E3-cmrq8_000000_000010,pure,0.0,8,2.252173900604248,0.3760601282119751
kinetics_mini,train/archery/-R5E3-cmrq8_000000_000010,pure,0.0,12,2.2485270500183105,0.36507168412208557
kinetics_mini,train/archery/-R5E3-cmrq8_000000_000010,pure,0.0,16,2.1844711303710938,0.3800598382949829
kinetics_mini,train/archery/-R5E3-cmrq8_000000_000010,pure,0.0,24,2.125481367111206,0.3750206530094147
kinetics_mini,train/archery/-R5E3-cmrq8_000000_000010,pure,0.0,32,2.002499580383301,0.3826286196708679
kinetics_mini,train/archery/-R5E3-cmrq8_000000_000010,pure,0.05,2,2.2089946269989014,0.3837139308452606
kinetics_mini,train/archery/-R5E3-cmrq8_000000_000010,pure,0.05,4,2.1910300254821777,0.39237430691719055
kinetics_mini,train/archery/-R5E3-cmrq8_000000_000010,pure,0.05,6,2.231076717376709,0.3810596466064453
kinetics_mini,train/archery/-R5E3-cmrq8_000000_000010,pure,0.05,8,2.252290725708008,0.3760639727115631
kinetics_mini,train/archery/-R5E3-cmrq8_000000_000010,pure,0.05,12,2.2485647201538086,0.36502718925476074
kinetics_mini,train/archery/-R5E3-cmrq8_000000_000010,pure,0.05,16,2.1845948696136475,0.3800583779811859
kinetics_mini,train/archery/-R5E3-cmrq8_000000_000010,pure,0.05,24,2.1257176399230957,0.37501394748687744
kinetics_mini,train/archery/-R5E3-cmrq8_000000_000010,pure,0.05,32,2.0025715827941895,0.3826419413089752
kinetics_mini,train/archery/-R5E3-cmrq8_000000_000010,pure,0.1,2,2.209292411804199,0.38375237584114075
kinetics_mini,train/archery/-R5E3-cmrq8_000000_000010,pure,0.1,4,2.1909704208374023,0.3923558294773102
kinetics_mini,train/archery/-R5E3-cmrq8_000000_000010,pure,0.1,6,2.2309720516204834,0.3810388147830963
kinetics_mini,train/archery/-R5E3-cmrq8_000000_000010,pure,0.1,8,2.252068042755127,0.3760581314563751
kinetics_mini,train/archery/-R5E3-cmrq8_000000_000010,pure,0.1,12,2.248507261276245,0.3650270700454712
kinetics_mini,train/archery/-R5E3-cmrq8_000000_000010,pure,0.1,16,2.1846883296966553,0.380044162273407
kinetics_mini,train/archery/-R5E3-cmrq8_000000_000010,pure,0.1,24,2.1256511211395264,0.3750098943710327
kinetics_mini,train/archery/-R5E3-cmrq8_000000_000010,pure,0.1,32,2.00250244140625,0.38263991475105286
kinetics_mini,train/archery/-R5E3-cmrq8_000000_000010,pure,0.2,2,2.2088685035705566,0.3838365375995636
kinetics_mini,train/archery/-R5E3-cmrq8_000000_000010,pure,0.2,4,2.1904003620147705,0.39236852526664734
kinetics_mini,train/archery/-R5E3-cmrq8_000000_000010,pure,0.2,6,2.2307684421539307,0.3810148239135742
kinetics_mini,train/archery/-R5E3-cmrq8_000000_000010,pure,0.2,8,2.2520453929901123,0.37601909041404724
kinetics_mini,train/archery/-R5E3-cmrq8_000000_000010,pure,0.2,12,2.2485127449035645,0.3650989234447479
kinetics_mini,train/archery/-R5E3-cmrq8_000000_000010,pure,0.2,16,2.1837916374206543,0.38006576895713806
kinetics_mini,train/archery/-R5E3-cmrq8_000000_000010,pure,0.2,24,2.1252338886260986,0.37499114871025085
kinetics_mini,train/archery/-R5E3-cmrq8_000000_000010,pure,0.2,32,2.0026566982269287,0.3825579583644867
kinetics_mini,train/archery/-R5E3-cmrq8_000000_000010,pure,0.4,2,2.2090418338775635,0.38381749391555786
kinetics_mini,train/archery/-R5E3-cmrq8_000000_000010,pure,0.4,4,2.1925506591796875,0.39208200573921204
kinetics_mini,train/archery/-R5E3-cmrq8_000000_000010,pure,0.4,6,2.233684778213501,0.38082563877105713
kinetics_mini,train/archery/-R5E3-cmrq8_000000_000010,pure,0.4,8,2.2541379928588867,0.37584492564201355
kinetics_mini,train/archery/-R5E3-cmrq8_000000_000010,pure,0.4,12,2.2477784156799316,0.3651999533176422
kinetics_mini,train/archery/-R5E3-cmrq8_000000_000010,pure,0.4,16,2.1850829124450684,0.37985846400260925
kinetics_mini,train/archery/-R5E3-cmrq8_000000_000010,pure,0.4,24,2.1276230812072754,0.37482842803001404
kinetics_mini,train/archery/-R5E3-cmrq8_000000_000010,pure,0.4,32,2.0037388801574707,0.38247764110565186
kinetics_mini,train/archery/-R5E3-cmrq8_000000_000010,pure,0.8,2,2.208937168121338,0.38355639576911926
kinetics_mini,train/archery/-R5E3-cmrq8_000000_000010,pure,0.8,4,2.1895973682403564,0.3919871151447296
kinetics_mini,train/archery/-R5E3-cmrq8_000000_000010,pure,0.8,6,2.231295108795166,0.3804992735385895
kinetics_mini,train/archery/-R5E3-cmrq8_000000_000010,pure,0.8,8,2.2537851333618164,0.3755834400653839
kinetics_mini,train/archery/-R5E3-cmrq8_000000_000010,pure,0.8,12,2.249138593673706,0.36561527848243713
kinetics_mini,train/archery/-R5E3-cmrq8_000000_000010,pure,0.8,16,2.184832811355591,0.37968793511390686
kinetics_mini,train/archery/-R5E3-cmrq8_000000_000010,pure,0.8,24,2.1298656463623047,0.3744160532951355
kinetics_mini,train/archery/-R5E3-cmrq8_000000_000010,pure,0.8,32,2.002432346343994,0.3822144865989685
kinetics_mini,train/archery/-R5E3-cmrq8_000000_000010,corrected,0.0,2,2.232025146484375,0.39056479930877686
kinetics_mini,train/archery/-R5E3-cmrq8_000000_000010,corrected,0.0,4,2.161299467086792,0.391781747341156
kinetics_mini,train/archery/-R5E3-cmrq8_000000_000010,corrected,0.0,6,2.1748433113098145,0.3852634131908417
kinetics_mini,train/archery/-R5E3-cmrq8_000000_000010,corrected,0.0,8,2.1539340019226074,0.38196900486946106
kinetics_mini,train/archery/-R5E3-cmrq8_000000_000010,corrected,0.0,12,2.203557252883911,0.380025714635849
kinetics_mini,train/archery/-R5E3-cmrq8_000000_000010,corrected,0.0,16,2.116147518157959,0.3848022520542145
kinetics_mini,train/archery/-R5E3-cmrq8_000000_000010,corrected,0.0,24,2.0730583667755127,0.38300442695617676
kinetics_mini,train/archery/-R5E3-cmrq8_000000_000010,corrected,0.0,32,1.9986010789871216,0.38729825615882874
kinetics_mini,train/archery/-R5E3-cmrq8_000000_000010,corrected,0.05,2,2.230651378631592,0.390348345041275
kinetics_mini,train/archery/-R5E3-cmrq8_000000_000010,corrected,0.05,4,2.1602225303649902,0.3916904926300049
kinetics_mini,train/archery/-R5E3-cmrq8_000000_000010,corrected,0.05,6,2.174086332321167,0.385326623916626
kinetics_mini,train/archery/-R5E3-cmrq8_000000_000010,corrected,0.05,8,2.15343976020813,0.38198864459991455
kinetics_mini,train/archery/-R5E3-cmrq8_000000_000010,corrected,0.05,12,2.20280122756958,0.379875510931015
kinetics_mini,train/archery/-R5E3-cmrq8_000000_000010,corrected,0.05,16,2.11558198928833,0.3848080039024353
kinetics_mini,train/archery/-R5E3-cmrq8_000000_000010,corrected,0.05,24,2.0726375579833984,0.38298356533050537
kinetics_mini,train/archery/-R5E3-cmrq8_000000_000010,corrected,0.05,32,1.9981284141540527,0.3873940408229828
kinetics_mini,train/archery/-R5E3-cmrq8_000000_000010,corrected,0.1,2,2.230762243270874,0.39026954770088196
kinetics_mini,train/archery/-R5E3-cmrq8_000000_000010,corrected,0.1,4,2.16206693649292,0.3918547034263611
kinetics_mini,train/archery/-R5E3-cmrq8_000000_000010,corrected,0.1,6,2.174747943878174,0.3854384422302246
kinetics_mini,train/archery/-R5E3-cmrq8_000000_000010,corrected,0.1,8,2.154242992401123,0.382096529006958
kinetics_mini,train/archery/-R5E3-cmrq8_000000_000010,corrected,0.1,12,2.203620433807373,0.3797467052936554
kinetics_mini,train/archery/-R5E3-cmrq8_000000_000010,corrected,0.1,16,2.116915702819824,0.3847598731517792
kinetics_mini,train/archery/-R5E3-cmrq8_000000_000010,corrected,0.1,24,2.0728204250335693,0.38294312357902527
kinetics_mini,train/archery/-R5E3-cmrq8_000000_000010,corrected,0.1,32,1.9965616464614868,0.38757824897766113
kinetics_mini,train/archery/-R5E3-cmrq8_000000_000010,corrected,0.2,2,2.2390880584716797,0.39068254828453064
kinetics_mini,train/archery/-R5E3-cmrq8_000000_000010,corrected,0.2,4,2.165308713912964,0.39213329553604126
kinetics_mini,train/archery/-R5E3-cmrq8_000000_000010,corrected,0.2,6,2.1835315227508545,0.3853880763053894
kinetics_mini,train/archery/-R5E3-cmrq8_000000_000010,corrected,0.2,8,2.163299560546875,0.3821372389793396
kinetics_mini,train/archery/-R5E3-cmrq8_000000_000010,corrected,0.2,12,2.211104154586792,0.380230188369751
kinetics_mini,train/archery/-R5E3-cmrq8_000000_000010,corrected,0.2,16,2.1188292503356934,0.3849829137325287
kinetics_mini,train/archery/-R5E3-cmrq8_000000_000010,corrected,0.2,24,2.076322317123413,0.3832041025161743
kinetics_mini,train/archery/-R5E3-cmrq8_000000_000010,corrected,0.2,32,2.0051090717315674,0.3874768316745758
kinetics_mini,train/archery/-R5E3-cmrq8_000000_000010,corrected,0.4,2,2.2369027137756348,0.39152035117149353
kinetics_mini,train/archery/-R5E3-cmrq8_000000_000010,corrected,0.4,4,2.173218250274658,0.3929283022880554
kinetics_mini,train/archery/-R5E3-cmrq8_000000_000010,corrected,0.4,6,2.1864535808563232,0.38662758469581604
kinetics_mini,train/archery/-R5E3-cmrq8_000000_000010,corrected,0.4,8,2.1625142097473145,0.38355767726898193
kinetics_mini,train/archery/-R5E3-cmrq8_000000_000010,corrected,0.4,12,2.213125228881836,0.3806993067264557
kinetics_mini,train/archery/-R5E3-cmrq8_000000_000010,corrected,0.4,16,2.1273746490478516,0.3857613801956177
kinetics_mini,train/archery/-R5E3-cmrq8_000000_000010,corrected,0.4,24,2.079225540161133,0.38378024101257324
kinetics_mini,train/archery/-R5E3-cmrq8_000000_000010,corrected,0.4,32,2.0011696815490723,0.3888651132583618
kinetics_mini,train/archery/-R5E3-cmrq8_000000_000010,corrected,0.8,2,2.231076717376709,0.3918859660625458
kinetics_mini,train/archery/-R5E3-cmrq8_000000_000010,corrected,0.8,4,2.179124593734741,0.3931107223033905
kinetics_mini,train/archery/-R5E3-cmrq8_000000_000010,corrected,0.8,6,2.1925125122070312,0.387366384267807
kinetics_mini,train/archery/-R5E3-cmrq8_000000_000010,corrected,0.8,8,2.1724815368652344,0.3838977515697479
kinetics_mini,train/archery/-R5E3-cmrq8_000000_000010,corrected,0.8,12,2.2178573608398438,0.38264667987823486
kinetics_mini,train/archery/-R5E3-cmrq8_000000_000010,corrected,0.8,16,2.140277862548828,0.38789623975753784
kinetics_mini,train/archery/-R5E3-cmrq8_000000_000010,corrected,0.8,24,2.0779223442077637,0.3863856792449951
kinetics_mini,train/archery/-R5E3-cmrq8_000000_000010,corrected,0.8,32,1.9914641380310059,0.39092889428138733
kinetics_mini,train/archery/-RZ9mL8wnJc_000025_000035,pure,0.0,2,2.3392174243927,0.13055790960788727
kinetics_mini,train/archery/-RZ9mL8wnJc_000025_000035,pure,0.0,4,2.270294189453125,0.13096332550048828
kinetics_mini,train/archery/-RZ9mL8wnJc_000025_000035,pure,0.0,6,2.2667293548583984,0.13204427063465118
kinetics_mini,train/archery/-RZ9mL8wnJc_000025_000035,pure,0.0,8,2.2414615154266357,0.13282528519630432
kinetics_mini,train/archery/-RZ9mL8wnJc_000025_000035,pure,0.0,12,2.2569422721862793,0.12866884469985962
kinetics_mini,train/archery/-RZ9mL8wnJc_000025_000035,pure,0.0,16,2.158719301223755,0.132090762257576
kinetics_mini,train/archery/-RZ9mL8wnJc_000025_000035,pure,0.0,24,2.132817268371582,0.12708263099193573
kinetics_mini,train/archery/-RZ9mL8wnJc_000025_000035,pure,0.0,32,2.1336207389831543,0.12653151154518127
kinetics_mini,train/archery/-RZ9mL8wnJc_000025_000035,pure,0.05,2,2.3393383026123047,0.1305369734764099
kinetics_mini,train/archery/-RZ9mL8wnJc_000025_000035,pure,0.05,4,2.270610809326172,0.13095436990261078
kinetics_mini,train/archery/-RZ9mL8wnJc_000025_000035,pure,0.05,6,2.266934394836426,0.13204143941402435
kinetics_mini,train/archery/-RZ9mL8wnJc_000025_000035,pure,0.05,8,2.2415993213653564,0.13282136619091034
kinetics_mini,train/archery/-RZ9mL8wnJc_000025_000035,pure,0.05,12,2.257012367248535,0.1286565512418747
kinetics_mini,train/archery/-RZ9mL8wnJc_000025_000035,pure,0.05,16,2.158886432647705,0.13208314776420593
kinetics_mini,train/archery/-RZ9mL8wnJc_000025_000035,pure,0.05,24,2.132962703704834,0.12708275020122528
kinetics_mini,train/archery/-RZ9mL8wnJc_000025_000035,pure,0.05,32,2.133702039718628,0.126529723405838
kinetics_mini,train/archery/-RZ9mL8wnJc_000025_000035,pure,0.1,2,2.338742256164551,0.13055671751499176
kinetics_mini,train/archery/-RZ9mL8wnJc_000025_000035,pure,0.1,4,2.269927740097046,0.13099417090415955
kinetics_mini,train/archery/-RZ9mL8wnJc_000025_000035,pure,0.1,6,2.266387701034546,0.13206389546394348
kinetics_mini,train/archery/-RZ9mL8wnJc_000025_000035,pure,0.1,8,2.241067886352539,0.13284321129322052
kinetics_mini,train/archery/-RZ9mL8wnJc_000025_000035,pure,0.1,12,2.256394386291504,0.12869144976139069
kinetics_mini,train/archery/-RZ9mL8wnJc_000025_000035,pure,0.1,16,2.1584296226501465,0.13210976123809814
kinetics_mini,train/archery/-RZ9mL8wnJc_000025_000035,pure,0.1,24,2.1324462890625,0.12710170447826385
kinetics_mini,train/archery/-RZ9mL8wnJc_000025_000035,pure,0.1,32,2.1336512565612793,0.126543790102005
kinetics_mini,train/archery/-RZ9mL8wnJc_000025_000035,pure,0.2,2,2.3385567665100098,0.13065606355667114
kinetics_mini,train/archery/-RZ9mL8wnJc_000025_000035,pure,0.2,4,2.2684507369995117,0.131033256649971
kinetics_mini,train/archery/-RZ9mL8wnJc_000025_000035,pure,0.2,6,2.2653815746307373,0.13212507963180542
kinetics_mini,train/archery/-RZ9mL8wnJc_000025_000035,pure,0.2,8,2.240461587905884,0.13290707767009735
kinetics_mini,train/archery/-RZ9mL8wnJc_000025_000035,pure,0.2,12,2.255427360534668,0.12879395484924316
kinetics_mini,train/archery/-RZ9mL8wnJc_000025_000035,pure,0.2,16,2.156984329223633,0.13218285143375397
kinetics_mini,train/archery/-RZ9mL8wnJc_000025_000035,pure,0.2,24,2.131566286087036,0.12717264890670776
kinetics_mini,train/archery/-RZ9mL8wnJc_000025_000035,pure,0.2,32,2.132676124572754,0.12662184238433838
kinetics_mini,train/archery/-RZ9mL8wnJc_000025_000035,pure,0.4,2,2.3353493213653564,0.13088612258434296
kinetics_mini,train/archery/-RZ9mL8wnJc_000025_000035,pure,0.4,4,2.2642982006073,0.13103677332401276
kinetics_mini,train/archery/-RZ9mL8wnJc_000025_000035,pure,0.4,6,2.262878894805908,0.13213060796260834
kinetics_mini,train/archery/-RZ9mL8wnJc_000025_000035,pure,0.4,8,2.2373716831207275,0.13289009034633636
kinetics_mini,train/archery/-RZ9mL8wnJc_000025_000035,pure,0.4,12,2.2550718784332275,0.12900680303573608
kinetics_mini,train/archery/-RZ9mL8wnJc_000025_000035,pure,0.4,16,2.154040813446045,0.13221286237239838
kinetics_mini,train/archery/-RZ9mL8wnJc_000025_000035,pure,0.4,24,2.1305253505706787,0.12721005082130432
kinetics_mini,train/archery/-RZ9mL8wnJc_000025_000035,pure,0.4,32,2.1312637329101562,0.12660953402519226
kinetics_mini,train/archery/-RZ9mL8wnJc_000025_000035,pure,0.8,2,2.3313567638397217,0.13090217113494873
kinetics_mini,train/archery/-RZ9mL8wnJc_000025_000035,pure,0.8,4,2.2646937370300293,0.13127917051315308
kinetics_mini,train/archery/-RZ9mL8wnJc_000025_000035,pure,0.8,6,2.2649099826812744,0.13217328488826752
kinetics_mini,train/archery/-RZ9mL8wnJc_000025_000035,pure,0.8,8,2.236870050430298,0.13289327919483185
kinetics_mini,train/archery/-RZ9mL8wnJc_000025_000035,pure,0.8,12,2.2506725788116455,0.12894123792648315
kinetics_mini,train/archery/-RZ9mL8wnJc_000025_000035,pure,0.8,16,2.1521053314208984,0.13231579959392548
kinetics_mini,train/archery/-RZ9mL8wnJc_000025_000035,pure,0.8,24,2.1315579414367676,0.12715891003608704
kinetics_mini,train/archery/-RZ9mL8wnJc_000025_000035,pure,0.8,32,2.1345925331115723,0.12673638761043549
kinetics_mini,train/archery/-RZ9mL8wnJc_000025_000035,corrected,0.0,2,2.293292760848999,0.13072070479393005
kinetics_mini,train/archery/-RZ9mL8wnJc_000025_000035,corrected,0.0,4,2.2533323764801025,0.1292319893836975
kinetics_mini,train/archery/-RZ9mL8wnJc_000025_000035,corrected,0.0,6,2.277683973312378,0.13057802617549896
kinetics_mini,train/archery/-RZ9mL8wnJc_000025_000035,corrected,0.0,8,2.2398886680603027,0.13167589902877808
kinetics_mini,train/archery/-RZ9mL8wnJc_000025_000035,corrected,0.0,12,2.2589833736419678,0.12961582839488983
kinetics_mini,train/archery/-RZ9mL8wnJc_000025_000035,corrected,0.0,16,2.151784658432007,0.13189835846424103
kinetics_mini,train/archery/-RZ9mL8wnJc_000025_000035,corrected,0.0,24,2.1440653800964355,0.12875130772590637
kinetics_mini,train/archery/-RZ9mL8wnJc_000025_000035,corrected,0.0,32,2.1505444049835205,0.12783357501029968
kinetics_mini,train/archery/-RZ9mL8wnJc_000025_000035,corrected,0.05,2,2.2931344509124756,0.1307307332754135
kinetics_mini,train/archery/-RZ9mL8wnJc_000025_000035,corrected,0.05,4,2.253131151199341,0.12924286723136902
kinetics_mini,train/archery/-RZ9mL8wnJc_000025_000035,corrected,0.05,6,2.277766704559326,0.13058613240718842
kinetics_mini,train/archery/-RZ9mL8wnJc_000025_000035,corrected,0.05,8,2.239922523498535,0.13169297575950623
kinetics_mini,train/archery/-RZ9mL8wnJc_000025_000035,corrected,0.05,12,2.2588634490966797,0.12960697710514069
kinetics_mini,train/archery/-RZ9mL8wnJc_000025_000035,corrected,0.05,16,2.1510372161865234,0.13189305365085602
kinetics_mini,train/archery/-RZ9mL8wnJc_000025_000035,corrected,0.05,24,2.1441597938537598,0.12874770164489746
kinetics_mini,train/archery/-RZ9mL8wnJc_000025_000035,corrected,0.05,32,2.150151252746582,0.1278364658355713
kinetics_mini,train/archery/-RZ9mL8wnJc_000025_000035,corrected,0.1,2,2.2924766540527344,0.1308082640171051
kinetics_mini,train/archery/-RZ9mL8wnJc_000025_000035,corrected,0.1,4,2.252145767211914,0.12928076088428497
kinetics_mini,train/archery/-RZ9mL8wnJc_000025_000035,corrected,0.1,6,2.275219202041626,0.13052646815776825
kinetics_mini,train/archery/-RZ9mL8wnJc_000025_000035,corrected,0.1,8,2.2384262084960938,0.13159076869487762
kinetics_mini,train/archery/-RZ9mL8wnJc_000025_000035,corrected,0.1,12,2.2582783699035645,0.12965048849582672
kinetics_mini,train/archery/-RZ9mL8wnJc_000025_000035,corrected,0.1,16,2.149265766143799,0.1318812072277069
kinetics_mini,train/archery/-RZ9mL8wnJc_000025_000035,corrected,0.1,24,2.1422958374023438,0.12872745096683502
kinetics_mini,train/archery/-RZ9mL8wnJc_000025_000035,corrected,0.1,32,2.1494083404541016,0.12771406769752502
kinetics_mini,train/archery/-RZ9mL8wnJc_000025_000035,corrected,0.2,2,2.289584159851074,0.13101129233837128
kinetics_mini,train/archery/-RZ9mL8wnJc_000025_000035,corrected,0.2,4,2.248809576034546,0.1294548213481903
kinetics_mini,train/archery/-RZ9mL8wnJc_000025_000035,corrected,0.2,6,2.268847942352295,0.13068954646587372
kinetics_mini,train/archery/-RZ9mL8wnJc_000025_000035,corrected,0.2,8,2.232386827468872,0.13186101615428925
kinetics_mini,train/archery/-RZ9mL8wnJc_000025_000035,corrected,0.2,12,2.2516307830810547,0.12990091741085052
kinetics_mini,train/archery/-RZ9mL8wnJc_000025_000035,corrected,0.2,16,2.144749879837036,0.1320624202489853
kinetics_mini,train/archery/-RZ9mL8wnJc_000025_000035,corrected,0.2,24,2.1356887817382812,0.12884050607681274
kinetics_mini,train/archery/-RZ9mL8wnJc_000025_000035,corrected,0.2,32,2.1437573432922363,0.12791433930397034
kinetics_mini,train/archery/-RZ9mL8wnJc_000025_000035,corrected,0.4,2,2.30662202835083,0.1306338608264923
kinetics_mini,train/archery/-RZ9mL8wnJc_000025_000035,corrected,0.4,4,2.257622241973877,0.1295800358057022
kinetics_mini,train/archery/-RZ9mL8wnJc_000025_000035,corrected,0.4,6,2.2829394340515137,0.13107715547084808
kinetics_mini,train/archery/-RZ9mL8wnJc_000025_000035,corrected,0.4,8,2.2459182739257812,0.13193751871585846
kinetics_mini,train/archery/-RZ9mL8wnJc_000025_000035,corrected,0.4,12,2.275562047958374,0.1295267641544342
kinetics_mini,train/archery/-RZ9mL8wnJc_000025_000035,corrected,0.4,16,2.1601665019989014,0.13221503794193268
kinetics_mini,train/archery/-RZ9mL8wnJc_000025_000035,corrected,0.4,24,2.1500542163848877,0.12897957861423492
kinetics_mini,train/archery/-RZ9mL8wnJc_000025_000035,corrected,0.4,32,2.1597342491149902,0.12835079431533813
kinetics_mini,train/archery/-RZ9mL8wnJc_000025_000035,corrected,0.8,2,2.2769103050231934,0.13031886518001556
kinetics_mini,train/archery/-RZ9mL8wnJc_000025_000035,corrected,0.8,4,2.2446775436401367,0.12920162081718445
kinetics_mini,train/archery/-RZ9mL8wnJc_000025_000035,corrected,0.8,6,2.267029285430908,0.1307794600725174
kinetics_mini,train/archery/-RZ9mL8wnJc_000025_000035,corrected,0.8,8,2.2281742095947266,0.13184280693531036
kinetics_mini,train/archery/-RZ9mL8wnJc_000025_000035,corrected,0.8,12,2.2526702880859375,0.12951965630054474
kinetics_mini,train/archery/-RZ9mL8wnJc_000025_000035,corrected,0.8,16,2.1508049964904785,0.13201388716697693
kinetics_mini,train/archery/-RZ9mL8wnJc_000025_000035,corrected,0.8,24,2.149174928665161,0.12896278500556946
kinetics_mini,train/archery/-RZ9mL8wnJc_000025_000035,corrected,0.8,32,2.1521668434143066,0.12819847464561462
kinetics_mini,train/archery/-SqXDd4XIJM_000032_000042,pure,0.0,2,2.5346226692199707,0.28565600514411926
kinetics_mini,train/archery/-SqXDd4XIJM_000032_000042,pure,0.0,4,2.490447998046875,0.2845901846885681
kinetics_mini,train/archery/-SqXDd4XIJM_000032_000042,pure,0.0,6,2.449392795562744,0.28602686524391174
kinetics_mini,train/archery/-SqXDd4XIJM_000032_000042,pure,0.0,8,2.429943561553955,0.2880971133708954
kinetics_mini,train/archery/-SqXDd4XIJM_000032_000042,pure,0.0,12,2.495021104812622,0.2841718792915344
kinetics_mini,train/archery/-SqXDd4XIJM_000032_000042,pure,0.0,16,2.437562942504883,0.2866249680519104
kinetics_mini,train/archery/-SqXDd4XIJM_000032_000042,pure,0.0,24,2.521449565887451,0.28580501675605774
kinetics_mini,train/archery/-SqXDd4XIJM_000032_000042,pure,0.0,32,2.4861536026000977,0.2873499393463135
kinetics_mini,train/archery/-SqXDd4XIJM_000032_000042,pure,0.05,2,2.534757137298584,0.28564032912254333
kinetics_mini,train/archery/-SqXDd4XIJM_000032_000042,pure,0.05,4,2.4906845092773438,0.28458207845687866
kinetics_mini,train/archery/-SqXDd4XIJM_000032_000042,pure,0.05,6,2.4495863914489746,0.2860201597213745
kinetics_mini,train/archery/-SqXDd4XIJM_000032_000042,pure,0.05,8,2.4303314685821533,0.2880909740924835
kinetics_mini,train/archery/-SqXDd4XIJM_000032_000042,pure,0.05,12,2.4950637817382812,0.2841716706752777
kinetics_mini,train/archery/-SqXDd4XIJM_000032_000042,pure,0.05,16,2.4377219676971436,0.2866165041923523
kinetics_mini,train/archery/-SqXDd4XIJM_000032_000042,pure,0.05,24,2.5214643478393555,0.2858043909072876
kinetics_mini,train/archery/-SqXDd4XIJM_000032_000042,pure,0.05,32,2.486236095428467,0.2873481214046478
kinetics_mini,train/archery/-SqXDd4XIJM_000032_000042,pure,0.1,2,2.5354321002960205,0.2856561839580536
kinetics_mini,train/archery/-SqXDd4XIJM_000032_000042,pure,0.1,4,2.4907002449035645,0.2846223711967468
kinetics_mini,train/archery/-SqXDd4XIJM_000032_000042,pure,0.1,6,2.4496002197265625,0.2860378623008728
kinetics_mini,train/archery/-SqXDd4XIJM_000032_000042,pure,0.1,8,2.430255174636841,0.2881191074848175
kinetics_mini,train/archery/-SqXDd4XIJM_000032_000042,pure,0.1,12,2.4954633712768555,0.2841776907444
kinetics_mini,train/archery/-SqXDd4XIJM_000032_000042,pure,0.1,16,2.43827486038208,0.2866315543651581
kinetics_mini,train/archery/-SqXDd4XIJM_000032_000042,pure,0.1,24,2.521760940551758,0.2858087122440338
kinetics_mini,train/archery/-SqXDd4XIJM_000032_000042,pure,0.1,32,2.486349582672119,0.287358820438385
kinetics_mini,train/archery/-SqXDd4XIJM_000032_000042,pure,0.2,2,2.5343079566955566,0.28589683771133423
kinetics_mini,train/archery/-SqXDd4XIJM_000032_000042,pure,0.2,4,2.4889650344848633,0.28473100066185
kinetics_mini,train/archery/-SqXDd4XIJM_000032_000042,pure,0.2,6,2.4484152793884277,0.28612756729125977
kinetics_mini,train/archery/-SqXDd4XIJM_000032_000042,pure,0.2,8,2.4281792640686035,0.28822872042655945
kinetics_mini,train/archery/-SqXDd4XIJM_000032_000042,pure,0.2,12,2.4940969944000244,0.2843584716320038
kinetics_mini,train/archery/-SqXDd4XIJM_000032_000042,pure,0.2,16,2.4356231689453125,0.28674206137657166
kinetics_mini,train/archery/-SqXDd4XIJM_000032_000042,pure,0.2,24,2.520864248275757,0.2858629524707794
kinetics_mini,train/archery/-SqXDd4XIJM_000032_000042,pure,0.2,32,2.4854021072387695,0.28741252422332764
kinetics_mini,train/archery/-SqXDd4XIJM_000032_000042,pure,0.4,2,2.5311331748962402,0.2861108183860779
kinetics_mini,train/archery/-SqXDd4XIJM_000032_000042,pure,0.4,4,2.4872548580169678,0.2844685912132263
kinetics_mini,train/archery/-SqXDd4XIJM_000032_000042,pure,0.4,6,2.4475080966949463,0.28583183884620667
kinetics_mini,train/archery/-SqXDd4XIJM_000032_000042,pure,0.4,8,2.427835702896118,0.28794369101524353
kinetics_mini,train/archery/-SqXDd4XIJM_000032_000042,pure,0.4,12,2.49001145362854,0.2846205234527588
kinetics_mini,train/archery/-SqXDd4XIJM_000032_000042,pure,0.4,16,2.43288254737854,0.28644219040870667
kinetics_mini,train/archery/-SqXDd4XIJM_000032_000042,pure,0.4,24,2.5166149139404297,0.28569188714027405
kinetics_mini,train/archery/-SqXDd4XIJM_000032_000042,pure,0.4,32,2.4824836254119873,0.28724977374076843
kinetics_mini,train/archery/-SqXDd4XIJM_000032_000042,pure,0.8,2,2.5298938751220703,0.2855525016784668
kinetics_mini,train/archery/-SqXDd4XIJM_000032_000042,pure,0.8,4,2.4810638427734375,0.2842406630516052
kinetics_mini,train/archery/-SqXDd4XIJM_000032_000042,pure,0.8,6,2.445923328399658,0.2852537930011749
kinetics_mini,train/archery/-SqXDd4XIJM_000032_000042,pure,0.8,8,2.424767017364502,0.28743231296539307
kinetics_mini,train/archery/-SqXDd4XIJM_000032_000042,pure,0.8,12,2.489020347595215,0.28416842222213745
kinetics_mini,train/archery/-SqXDd4XIJM_000032_000042,pure,0.8,16,2.428690195083618,0.28607499599456787
kinetics_mini,train/archery/-SqXDd4XIJM_000032_000042,pure,0.8,24,2.5143887996673584,0.2855341136455536
kinetics_mini,train/archery/-SqXDd4XIJM_000032_000042,pure,0.8,32,2.483633279800415,0.2869298756122589
kinetics_mini,train/archery/-SqXDd4XIJM_000032_000042,corrected,0.0,2,2.491380214691162,0.28961843252182007
kinetics_mini,train/archery/-SqXDd4XIJM_000032_000042,corrected,0.0,4,2.4641647338867188,0.2864009141921997
kinetics_mini,train/archery/-SqXDd4XIJM_000032_000042,corrected,0.0,6,2.5012941360473633,0.2874235212802887
kinetics_mini,train/archery/-SqXDd4XIJM_000032_000042,corrected,0.0,8,2.4769768714904785,0.29013118147850037
kinetics_mini,train/archery/-SqXDd4XIJM_000032_000042,corrected,0.0,12,2.4306588172912598,0.289018452167511
kinetics_mini,train/archery/-SqXDd4XIJM_000032_000042,corrected,0.0,16,2.358879804611206,0.2896256446838379
kinetics_mini,train/archery/-SqXDd4XIJM_000032_000042,corrected,0.0,24,2.4509098529815674,0.2893873155117035
kinetics_mini,train/archery/-SqXDd4XIJM_000032_000042,corrected,0.0,32,2.4753551483154297,0.28992441296577454
kinetics_mini,train/archery/-SqXDd4XIJM_000032_000042,corrected,0.05,2,2.491396427154541,0.2896183729171753
kinetics_mini,train/archery/-SqXDd4XIJM_000032_000042,corrected,0.05,4,2.463183641433716,0.2863882780075073
kinetics_mini,train/archery/-SqXDd4XIJM_000032_000042,corrected,0.05,6,2.5019259452819824,0.287464439868927
kinetics_mini,train/archery/-SqXDd4XIJM_000032_000042,corrected,0.05,8,2.4777417182922363,0.2901555299758911
kinetics_mini,train/archery/-SqXDd4XIJM_000032_000042,corrected,0.05,12,2.4307758808135986,0.2890617847442627
kinetics_mini,train/archery/-SqXDd4XIJM_000032_000042,corrected,0.05,16,2.3584301471710205,0.2896580994129181
kinetics_mini,train/archery/-SqXDd4XIJM_000032_000042,corrected,0.05,24,2.4524102210998535,0.28940534591674805
kinetics_mini,train/archery/-SqXDd4XIJM_000032_000042,corrected,0.05,32,2.477513551712036,0.2899167239665985
kinetics_mini,train/archery/-SqXDd4XIJM_000032_000042,corrected,0.1,2,2.4912667274475098,0.2893807888031006
kinetics_mini,train/archery/-SqXDd4XIJM_000032_000042,corrected,0.1,4,2.464390277862549,0.2862306535243988
kinetics_mini,train/archery/-SqXDd4XIJM_000032_000042,corrected,0.1,6,2.5014476776123047,0.28727105259895325
kinetics_mini,train/archery/-SqXDd4XIJM_000032_000042,corrected,0.1,8,2.477898359298706,0.2900432050228119
kinetics_mini,train/archery/-SqXDd4XIJM_000032_000042,corrected,0.1,12,2.432347297668457,0.28880029916763306
kinetics_mini,train/archery/-SqXDd4XIJM_000032_000042,corrected,0.1,16,2.36087703704834,0.28937864303588867
kinetics_mini,train/archery/-SqXDd4XIJM_000032_000042,corrected,0.1,24,2.4565980434417725,0.2891412377357483
kinetics_mini,train/archery/-SqXDd4XIJM_000032_000042,corrected,0.1,32,2.481551170349121,0.289728045463562
kinetics_mini,train/archery/-SqXDd4XIJM_000032_000042,corrected,0.2,2,2.4936037063598633,0.28989046812057495
kinetics_mini,train/archery/-SqXDd4XIJM_000032_000042,corrected,0.2,4,2.4659554958343506,0.2867753207683563
kinetics_mini,train/archery/-SqXDd4XIJM_000032_000042,corrected,0.2,6,2.5066580772399902,0.2875191271305084
kinetics_mini,train/archery/-SqXDd4XIJM_000032_000042,corrected,0.2,8,2.4812755584716797,0.2903522551059723
kinetics_mini,train/archery/-SqXDd4XIJM_000032_000042,corrected,0.2,12,2.437713861465454,0.28936833143234253
kinetics_mini,train/archery/-SqXDd4XIJM_000032_000042,corrected,0.2,16,2.36934757232666,0.2898883819580078
kinetics_mini,train/archery/-SqXDd4XIJM_000032_000042,corrected,0.2,24,2.4652371406555176,0.2896014153957367
kinetics_mini,train/archery/-SqXDd4XIJM_000032_000042,corrected,0.2,32,2.4933948516845703,0.2899741530418396
kinetics_mini,train/archery/-SqXDd4XIJM_000032_000042,corrected,0.4,2,2.5082287788391113,0.2885955572128296
kinetics_mini,train/archery/-SqXDd4XIJM_000032_000042,corrected,0.4,4,2.4891016483306885,0.2859407365322113
kinetics_mini,train/archery/-SqXDd4XIJM_000032_000042,corrected,0.4,6,2.5187604427337646,0.28730884194374084
kinetics_mini,train/archery/-SqXDd4XIJM_000032_000042,corrected,0.4,8,2.491178512573242,0.2900887131690979
kinetics_mini,train/archery/-SqXDd4XIJM_000032_000042,corrected,0.4,12,2.4479293823242188,0.28848329186439514
kinetics_mini,train/archery/-SqXDd4XIJM_000032_000042,corrected,0.4,16,2.3825621604919434,0.2894214987754822
kinetics_mini,train/archery/-SqXDd4XIJM_000032_000042,corrected,0.4,24,2.46212100982666,0.28890159726142883
kinetics_mini,train/archery/-SqXDd4XIJM_000032_000042,corrected,0.4,32,2.494798421859741,0.28930768370628357
kinetics_mini,train/archery/-SqXDd4XIJM_000032_000042,corrected,0.8,2,2.5056865215301514,0.2902243435382843
kinetics_mini,train/archery/-SqXDd4XIJM_000032_000042,corrected,0.8,4,2.4831531047821045,0.2878987491130829
kinetics_mini,train/archery/-SqXDd4XIJM_000032_000042,corrected,0.8,6,2.5142791271209717,0.28937631845474243
kinetics_mini,train/archery/-SqXDd4XIJM_000032_000042,corrected,0.8,8,2.4900903701782227,0.2915629744529724
kinetics_mini,train/archery/-SqXDd4XIJM_000032_000042,corrected,0.8,12,2.4420154094696045,0.28963208198547363
kinetics_mini,train/archery/-SqXDd4XIJM_000032_000042,corrected,0.8,16,2.3647687435150146,0.29161980748176575
kinetics_mini,train/archery/-SqXDd4XIJM_000032_000042,corrected,0.8,24,2.4673547744750977,0.2898312509059906
kinetics_mini,train/archery/-SqXDd4XIJM_000032_000042,corrected,0.8,32,2.510852336883545,0.2902206480503082
kinetics_mini,train/archery/-U1ym96B9l4_000010_000020,pure,0.0,2,2.2183737754821777,0.27951863408088684
kinetics_mini,train/archery/-U1ym96B9l4_000010_000020,pure,0.0,4,2.1790013313293457,0.28015631437301636
kinetics_mini,train/archery/-U1ym96B9l4_000010_000020,pure,0.0,6,2.115910291671753,0.28043538331985474
kinetics_mini,train/archery/-U1ym96B9l4_000010_000020,pure,0.0,8,2.071225166320801,0.28129711747169495
kinetics_mini,train/archery/-U1ym96B9l4_000010_000020,pure,0.0,12,2.1119508743286133,0.2815617620944977
kinetics_mini,train/archery/-U1ym96B9l4_000010_000020,pure,0.0,16,1.9566352367401123,0.2824634313583374
kinetics_mini,train/archery/-U1ym96B9l4_000010_000020,pure,0.0,24,1.8306961059570312,0.2804702818393707
kinetics_mini,train/archery/-U1ym96B9l4_000010_000020,pure,0.0,32,1.7628648281097412,0.2804727554321289
kinetics_mini,train/archery/-U1ym96B9l4_000010_000020,pure,0.05,2,2.218940258026123,0.2795148193836212
kinetics_mini,train/archery/-U1ym96B9l4_000010_000020,pure,0.05,4,2.179563522338867,0.2801517844200134
kinetics_mini,train/archery/-U1ym96B9l4_000010_000020,pure,0.05,6,2.116090774536133,0.2804182767868042
kinetics_mini,train/archery/-U1ym96B9l4_000010_000020,pure,0.05,8,2.071408987045288,0.2812836766242981
kinetics_mini,train/archery/-U1ym96B9l4_000010_000020,pure,0.05,12,2.1123197078704834,0.28157612681388855
kinetics_mini,train/archery/-U1ym96B9l4_000010_000020,pure,0.05,16,1.9567933082580566,0.2824515998363495
kinetics_mini,train/archery/-U1ym96B9l4_000010_000020,pure,0.05,24,1.830793857574463,0.28046542406082153
kinetics_mini,train/archery/-U1ym96B9l4_000010_000020,pure,0.05,32,1.762850046157837,0.2804606258869171
kinetics_mini,train/archery/-U1ym96B9l4_000010_000020,pure,0.1,2,2.21860933303833,0.2795570492744446
kinetics_mini,train/archery/-U1ym96B9l4_000010_000020,pure,0.1,4,2.1797847747802734,0.2801933288574219
kinetics_mini,train/archery/-U1ym96B9l4_000010_000020,pure,0.1,6,2.11637806892395,0.280490517616272
kinetics_mini,train/archery/-U1ym96B9l4_000010_000020,pure,0.1,8,2.0716640949249268,0.28135401010513306
kinetics_mini,train/archery/-U1ym96B9l4_000010_000020,pure,0.1,12,2.112396240234375,0.2816033959388733
kinetics_mini,train/archery/-U1ym96B9l4_000010_000020,pure,0.1,16,1.9573894739151,0.2824959456920624
kinetics_mini,train/archery/-U1ym96B9l4_000010_000020,pure,0.1,24,1.8313875198364258,0.28050997853279114
kinetics_mini,train/archery/-U1ym96B9l4_000010_000020,pure,0.1,32,1.7634674310684204,0.2805251181125641
kinetics_mini,train/archery/-U1ym96B9l4_000010_000020,pure,0.2,2,2.218933582305908,0.2794017791748047
kinetics_mini,train/archery/-U1ym96B9l4_000010_000020,pure,0.2,4,2.1790504455566406,0.28012773394584656
kinetics_mini,train/archery/-U1ym96B9l4_000010_000020,pure,0.2,6,2.1161279678344727,0.2804289758205414
kinetics_mini,train/archery/-U1ym96B9l4_000010_000020,pure,0.2,8,2.071244716644287,0.28127583861351013
kinetics_mini,train/archery/-U1ym96B9l4_000010_000020,pure,0.2,12,2.1115503311157227,0.2814497947692871
kinetics_mini,train/archery/-U1ym96B9l4_000010_000020,pure,0.2,16,1.9562935829162598,0.28245246410369873
kinetics_mini,train/archery/-U1ym96B9l4_000010_000020,pure,0.2,24,1.8307867050170898,0.28048059344291687
kinetics_mini,train/archery/-U1ym96B9l4_000010_000020,pure,0.2,32,1.7628587484359741,0.2804829776287079
kinetics_mini,train/archery/-U1ym96B9l4_000010_000020,pure,0.4,2,2.219248056411743,0.27959582209587097
kinetics_mini,train/archery/-U1ym96B9l4_000010_000020,pure,0.4,4,2.1798839569091797,0.28020304441452026
kinetics_mini,train/archery/-U1ym96B9l4_000010_000020,pure,0.4,6,2.115605592727661,0.2806042432785034
kinetics_mini,train/archery/-U1ym96B9l4_000010_000020,pure,0.4,8,2.069418430328369,0.2814926207065582
kinetics_mini,train/archery/-U1ym96B9l4_000010_000020,pure,0.4,12,2.1099929809570312,0.28171196579933167
kinetics_mini,train/archery/-U1ym96B9l4_000010_000020,pure,0.4,16,1.9539930820465088,0.2826234996318817
kinetics_mini,train/archery/-U1ym96B9l4_000010_000020,pure,0.4,24,1.829066514968872,0.28064438700675964
kinetics_mini,train/archery/-U1ym96B9l4_000010_000020,pure,0.4,32,1.7611812353134155,0.280592143535614
kinetics_mini,train/archery/-U1ym96B9l4_000010_000020,pure,0.8,2,2.211972951889038,0.2795279324054718
kinetics_mini,train/archery/-U1ym96B9l4_000010_000020,pure,0.8,4,2.1689906120300293,0.28049731254577637
kinetics_mini,train/archery/-U1ym96B9l4_000010_000020,pure,0.8,6,2.111900806427002,0.28093743324279785
kinetics_mini,train/archery/-U1ym96B9l4_000010_000020,pure,0.8,8,2.0651257038116455,0.28188055753707886
kinetics_mini,train/archery/-U1ym96B9l4_000010_000020,pure,0.8,12,2.1038570404052734,0.2817450761795044
kinetics_mini,train/archery/-U1ym96B9l4_000010_000020,pure,0.8,16,1.9482159614562988,0.2828594446182251
kinetics_mini,train/archery/-U1ym96B9l4_000010_000020,pure,0.8,24,1.825346827507019,0.28081268072128296
kinetics_mini,train/archery/-U1ym96B9l4_000010_000020,pure,0.8,32,1.7613279819488525,0.28080931305885315
kinetics_mini,train/archery/-U1ym96B9l4_000010_000020,corrected,0.0,2,2.2118473052978516,0.2613218128681183
kinetics_mini,train/archery/-U1ym96B9l4_000010_000020,corrected,0.0,4,2.2152929306030273,0.262723833322525
kinetics_mini,train/archery/-U1ym96B9l4_000010_000020,corrected,0.0,6,2.173346519470215,0.2654719054698944
kinetics_mini,train/archery/-U1ym96B9l4_000010_000020,corrected,0.0,8,2.1330654621124268,0.2651291787624359
kinetics_mini,train/archery/-U1ym96B9l4_000010_000020,corrected,0.0,12,2.119603157043457,0.26154786348342896
kinetics_mini,train/archery/-U1ym96B9l4_000010_000020,corrected,0.0,16,2.0197315216064453,0.2651965618133545
kinetics_mini,train/archery/-U1ym96B9l4_000010_000020,corrected,0.0,24,1.8992207050323486,0.2660827338695526
kinetics_mini,train/archery/-U1ym96B9l4_000010_000020,corrected,0.0,32,1.8484218120574951,0.26675301790237427
kinetics_mini,train/archery/-U1ym96B9l4_000010_000020,corrected,0.05,2,2.212810754776001,0.26144370436668396
kinetics_mini,train/archery/-U1ym96B9l4_000010_000020,corrected,0.05,4,2.2160849571228027,0.2627772092819214
kinetics_mini,train/archery/-U1ym96B9l4_000010_000020,corrected,0.05,6,2.1735379695892334,0.2654455900192261
kinetics_mini,train/archery/-U1ym96B9l4_000010_000020,corrected,0.05,8,2.133152723312378,0.2651171386241913
kinetics_mini,train/archery/-U1ym96B9l4_000010_000020,corrected,0.05,12,2.120288133621216,0.2616223394870758
kinetics_mini,train/archery/-U1ym96B9l4_000010_000020,corrected,0.05,16,2.0203697681427,0.26522019505500793
kinetics_mini,train/archery/-U1ym96B9l4_000010_000020,corrected,0.05,24,1.8993597030639648,0.2660675048828125
kinetics_mini,train/archery/-U1ym96B9l4_000010_000020,corrected,0.05,32,1.8498867750167847,0.2667537033557892
kinetics_mini,train/archery/-U1ym96B9l4_000010_000020,corrected,0.1,2,2.209872245788574,0.2618173360824585
kinetics_mini,train/archery/-U1ym96B9l4_000010_000020,corrected,0.1,4,2.213263988494873,0.26314792037010193
kinetics_mini,train/archery/-U1ym96B9l4_000010_000020,corrected,0.1,6,2.1718759536743164,0.2658994793891907
kinetics_mini,train/archery/-U1ym96B9l4_000010_000020,corrected,0.1,8,2.1312673091888428,0.2655681371688843
kinetics_mini,train/archery/-U1ym96B9l4_000010_000020,corrected,0.1,12,2.116138219833374,0.2620703876018524
kinetics_mini,train/archery/-U1ym96B9l4_000010_000020,corrected,0.1,16,2.016040802001953,0.26570501923561096
kinetics_mini,train/archery/-U1ym96B9l4_000010_000020,corrected,0.1,24,1.8996317386627197,0.2664529085159302
kinetics_mini,train/archery/-U1ym96B9l4_000010_000020,corrected,0.1,32,1.8483083248138428,0.2670830488204956
kinetics_mini,train/archery/-U1ym96B9l4_000010_000020,corrected,0.2,2,2.217162609100342,0.26179394125938416
kinetics_mini,train/archery/-U1ym96B9l4_000010_000020,corrected,0.2,4,2.2200751304626465,0.26300740242004395
kinetics_mini,train/archery/-U1ym96B9l4_000010_000020,corrected,0.2,6,2.1777734756469727,0.26575204730033875
kinetics_mini,train/archery/-U1ym96B9l4_000010_000020,corrected,0.2,8,2.137988567352295,0.2654544711112976
kinetics_mini,train/archery/-U1ym96B9l4_000010_000020,corrected,0.2,12,2.125300168991089,0.26226192712783813
kinetics_mini,train/archery/-U1ym96B9l4_000010_000020,corrected,0.2,16,2.027665853500366,0.2657929062843323
kinetics_mini,train/archery/-U1ym96B9l4_000010_000020,corrected,0.2,24,1.9040727615356445,0.26670825481414795
kinetics_mini,train/archery/-U1ym96B9l4_000010_000020,corrected,0.2,32,1.8517768383026123,0.26716428995132446
kinetics_mini,train/archery/-U1ym96B9l4_000010_000020,corrected,0.4,2,2.2100398540496826,0.2612578868865967
kinetics_mini,train/archery/-U1ym96B9l4_000010_000020,corrected,0.4,4,2.2152254581451416,0.2627221345901489
kinetics_mini,train/archery/-U1ym96B9l4_000010_000020,corrected,0.4,6,2.175908088684082,0.2652586102485657
kinetics_mini,train/archery/-U1ym96B9l4_000010_000020,corrected,0.4,8,2.1343894004821777,0.2647734582424164
kinetics_mini,train/archery/-U1ym96B9l4_000010_000020,corrected,0.4,12,2.121072292327881,0.2612365782260895
kinetics_mini,train/archery/-U1ym96B9l4_000010_000020,corrected,0.4,16,2.015787124633789,0.2647337317466736
kinetics_mini,train/archery/-U1ym96B9l4_000010_000020,corrected,0.4,24,1.9017016887664795,0.26579564809799194
kinetics_mini,train/archery/-U1ym96B9l4_000010_000020,corrected,0.4,32,1.8569107055664062,0.26660245656967163
kinetics_mini,train/archery/-U1ym96B9l4_000010_000020,corrected,0.8,2,2.1797475814819336,0.26238763332366943
kinetics_mini,train/archery/-U1ym96B9l4_000010_000020,corrected,0.8,4,2.185976982116699,0.2631247639656067
kinetics_mini,train/archery/-U1ym96B9l4_000010_000020,corrected,0.8,6,2.1391448974609375,0.2654154300689697
kinetics_mini,train/archery/-U1ym96B9l4_000010_000020,corrected,0.8,8,2.1096253395080566,0.2654692530632019
kinetics_mini,train/archery/-U1ym96B9l4_000010_000020,corrected,0.8,12,2.1051759719848633,0.2630924582481384
kinetics_mini,train/archery/-U1ym96B9l4_000010_000020,corrected,0.8,16,1.9863797426223755,0.26561689376831055
kinetics_mini,train/archery/-U1ym96B9l4_000010_000020,corrected,0.8,24,1.8825812339782715,0.2666930556297302
kinetics_mini,train/archery/-U1ym96B9l4_000010_000020,corrected,0.8,32,1.833634614944458,0.2657392621040344
kinetics_mini,train/bowling/-5ExwuF5IUI_000030_000040,pure,0.0,2,1.9497289657592773,0.21010538935661316
kinetics_mini,train/bowling/-5ExwuF5IUI_000030_000040,pure,0.0,4,1.9095748662948608,0.211432546377182
kinetics_mini,train/bowling/-5ExwuF5IUI_000030_000040,pure,0.0,6,1.933321475982666,0.21496814489364624
kinetics_mini,train/bowling/-5ExwuF5IUI_000030_000040,pure,0.0,8,1.9256569147109985,0.22204190492630005
kinetics_mini,train/bowling/-5ExwuF5IUI_000030_000040,pure,0.0,12,1.889643669128418,0.23170363903045654
kinetics_mini,train/bowling/-5ExwuF5IUI_000030_000040,pure,0.0,16,1.7883763313293457,0.22517825663089752
kinetics_mini,train/bowling/-5ExwuF5IUI_000030_000040,pure,0.0,24,1.8296297788619995,0.23128148913383484
kinetics_mini,train/bowling/-5ExwuF5IUI_000030_000040,pure,0.0,32,1.9054200649261475,0.24509835243225098
kinetics_mini,train/bowling/-5ExwuF5IUI_000030_000040,pure,0.05,2,1.9493848085403442,0.2101306915283203
kinetics_mini,train/bowling/-5ExwuF5IUI_000030_000040,pure,0.05,4,1.9090696573257446,0.21142888069152832
kinetics_mini,train/bowling/-5ExwuF5IUI_000030_000040,pure,0.05,6,1.9328557252883911,0.21495842933654785
kinetics_mini,train/bowling/-5ExwuF5IUI_000030_000040,pure,0.05,8,1.9253592491149902,0.22203297913074493
kinetics_mini,train/bowling/-5ExwuF5IUI_000030_000040,pure,0.05,12,1.8896405696868896,0.23171861469745636
kinetics_mini,train/bowling/-5ExwuF5IUI_000030_000040,pure,0.05,16,1.7883585691452026,0.22517846524715424
kinetics_mini,train/bowling/-5ExwuF5IUI_000030_000040,pure,0.05,24,1.8296916484832764,0.2312830239534378
kinetics_mini,train/bowling/-5ExwuF5IUI_000030_000040,pure,0.05,32,1.9053070545196533,0.24509932100772858
kinetics_mini,train/bowling/-5ExwuF5IUI_000030_000040,pure,0.1,2,1.9503283500671387,0.21010178327560425
kinetics_mini,train/bowling/-5ExwuF5IUI_000030_000040,pure,0.1,4,1.9105342626571655,0.2114497274160385
kinetics_mini,train/bowling/-5ExwuF5IUI_000030_000040,pure,0.1,6,1.9340358972549438,0.2149650901556015
kinetics_mini,train/bowling/-5ExwuF5IUI_000030_000040,pure,0.1,8,1.92632257938385,0.2220446765422821
kinetics_mini,train/bowling/-5ExwuF5IUI_000030_000040,pure,0.1,12,1.8902678489685059,0.23170773684978485
kinetics_mini,train/bowling/-5ExwuF5IUI_000030_000040,pure,0.1,16,1.788901686668396,0.22517959773540497
kinetics_mini,train/bowling/-5ExwuF5IUI_000030_000040,pure,0.1,24,1.8302265405654907,0.2312740534543991
kinetics_mini,train/bowling/-5ExwuF5IUI_000030_000040,pure,0.1,32,1.9058587551116943,0.24507208168506622
kinetics_mini,train/bowling/-5ExwuF5IUI_000030_000040,pure,0.2,2,1.9487378597259521,0.21011190116405487
kinetics_mini,train/bowling/-5ExwuF5IUI_000030_000040,pure,0.2,4,1.9095704555511475,0.2114543914794922
kinetics_mini,train/bowling/-5ExwuF5IUI_000030_000040,pure,0.2,6,1.9330697059631348,0.21496830880641937
kinetics_mini,train/bowling/-5ExwuF5IUI_000030_000040,pure,0.2,8,1.9259802103042603,0.22203773260116577
kinetics_mini,train/bowling/-5ExwuF5IUI_000030_000040,pure,0.2,12,1.889009714126587,0.23167821764945984
kinetics_mini,train/bowling/-5ExwuF5IUI_000030_000040,pure,0.2,16,1.7881534099578857,0.22518935799598694
kinetics_mini,train/bowling/-5ExwuF5IUI_000030_000040,pure,0.2,24,1.8298554420471191,0.2312915027141571
kinetics_mini,train/bowling/-5ExwuF5IUI_000030_000040,pure,0.2,32,1.9061872959136963,0.24507497251033783
kinetics_mini,train/bowling/-5ExwuF5IUI_000030_000040,pure,0.4,2,1.9465948343276978,0.2105690836906433
kinetics_mini,train/bowling/-5ExwuF5IUI_000030_000040,pure,0.4,4,1.9096744060516357,0.21159058809280396
kinetics_mini,train/bowling/-5ExwuF5IUI_000030_000040,pure,0.4,6,1.9340839385986328,0.215052992105484
kinetics_mini,train/bowling/-5ExwuF5IUI_000030_000040,pure,0.4,8,1.9263474941253662,0.22208720445632935
kinetics_mini,train/bowling/-5ExwuF5IUI_000030_000040,pure,0.4,12,1.8871660232543945,0.2318667620420456
kinetics_mini,train/bowling/-5ExwuF5IUI_000030_000040,pure,0.4,16,1.7866909503936768,0.22513142228126526
kinetics_mini,train/bowling/-5ExwuF5IUI_000030_000040,pure,0.4,24,1.8291575908660889,0.23125247657299042
kinetics_mini,train/bowling/-5ExwuF5IUI_000030_000040,pure,0.4,32,1.906742811203003,0.2452038675546646
kinetics_mini,train/bowling/-5ExwuF5IUI_000030_000040,pure,0.8,2,1.9422495365142822,0.21149693429470062
kinetics_mini,train/bowling/-5ExwuF5IUI_000030_000040,pure,0.8,4,1.9094306230545044,0.21175621449947357
kinetics_mini,train/bowling/-5ExwuF5IUI_000030_000040,pure,0.8,6,1.9382398128509521,0.21516801416873932
kinetics_mini,train/bowling/-5ExwuF5IUI_000030_000040,pure,0.8,8,1.9294689893722534,0.22219419479370117
kinetics_mini,train/bowling/-5ExwuF5IUI_000030_000040,pure,0.8,12,1.885557770729065,0.2322220653295517
kinetics_mini,train/bowling/-5ExwuF5IUI_000030_000040,pure,0.8,16,1.78624427318573,0.22523830831050873
kinetics_mini,train/bowling/-5ExwuF5IUI_000030_000040,pure,0.8,24,1.8298221826553345,0.23133845627307892
kinetics_mini,train/bowling/-5ExwuF5IUI_000030_000040,pure,0.8,32,1.9109898805618286,0.24534565210342407
kinetics_mini,train/bowling/-5ExwuF5IUI_000030_000040,corrected,0.0,2,2.1553940773010254,0.2038966864347458
kinetics_mini,train/bowling/-5ExwuF5IUI_000030_000040,corrected,0.0,4,2.0829362869262695,0.20973165333271027
kinetics_mini,train/bowling/-5ExwuF5IUI_000030_000040,corrected,0.0,6,2.0739760398864746,0.2136044055223465
kinetics_mini,train/bowling/-5ExwuF5IUI_000030_000040,corrected,0.0,8,2.058318614959717,0.2207566797733307
kinetics_mini,train/bowling/-5ExwuF5IUI_000030_000040,corrected,0.0,12,2.055339813232422,0.22793681919574738
kinetics_mini,train/bowling/-5ExwuF5IUI_000030_000040,corrected,0.0,16,1.901408314704895,0.22557677328586578
kinetics_mini,train/bowling/-5ExwuF5IUI_000030_000040,corrected,0.0,24,1.9289679527282715,0.23179946839809418
kinetics_mini,train/bowling/-5ExwuF5IUI_000030_000040,corrected,0.0,32,2.0127758979797363,0.24467381834983826
kinetics_mini,train/bowling/-5ExwuF5IUI_000030_000040,corrected,0.05,2,2.1546316146850586,0.2037503719329834
kinetics_mini,train/bowling/-5ExwuF5IUI_000030_000040,corrected,0.05,4,2.083034038543701,0.2095937430858612
kinetics_mini,train/bowling/-5ExwuF5IUI_000030_000040,corrected,0.05,6,2.0738909244537354,0.21346959471702576
kinetics_mini,train/bowling/-5ExwuF5IUI_000030_000040,corrected,0.05,8,2.057577610015869,0.2206088751554489
kinetics_mini,train/bowling/-5ExwuF5IUI_000030_000040,corrected,0.05,12,2.053098678588867,0.2278001755475998
kinetics_mini,train/bowling/-5ExwuF5IUI_000030_000040,corrected,0.05,16,1.8994114398956299,0.22541770339012146
kinetics_mini,train/bowling/-5ExwuF5IUI_000030_000040,corrected,0.05,24,1.9270879030227661,0.23163434863090515
kinetics_mini,train/bowling/-5ExwuF5IUI_000030_000040,corrected,0.05,32,2.0118842124938965,0.24439139664173126
kinetics_mini,train/bowling/-5ExwuF5IUI_000030_000040,corrected,0.1,2,2.1538000106811523,0.20420975983142853
kinetics_mini,train/bowling/-5ExwuF5IUI_000030_000040,corrected,0.1,4,2.080660820007324,0.20991042256355286
kinetics_mini,train/bowling/-5ExwuF5IUI_000030_000040,corrected,0.1,6,2.073397636413574,0.21368615329265594
kinetics_mini,train/bowling/-5ExwuF5IUI_000030_000040,corrected,0.1,8,2.0564358234405518,0.22081094980239868
kinetics_mini,train/bowling/-5ExwuF5IUI_000030_000040,corrected,0.1,12,2.0504093170166016,0.22800037264823914
kinetics_mini,train/bowling/-5ExwuF5IUI_000030_000040,corrected,0.1,16,1.8972649574279785,0.2255886346101761
kinetics_mini,train/bowling/-5ExwuF5IUI_000030_000040,corrected,0.1,24,1.924793004989624,0.23175056278705597
kinetics_mini,train/bowling/-5ExwuF5IUI_000030_000040,corrected,0.1,32,2.012467622756958,0.2444608509540558
kinetics_mini,train/bowling/-5ExwuF5IUI_000030_000040,corrected,0.2,2,2.159369945526123,0.20362801849842072
kinetics_mini,train/bowling/-5ExwuF5IUI_000030_000040,corrected,0.2,4,2.0845837593078613,0.20960277318954468
kinetics_mini,train/bowling/-5ExwuF5IUI_000030_000040,corrected,0.2,6,2.072425603866577,0.21366934478282928
kinetics_mini,train/bowling/-5ExwuF5IUI_000030_000040,corrected,0.2,8,2.0572304725646973,0.2209632247686386
kinetics_mini,train/bowling/-5ExwuF5IUI_000030_000040,corrected,0.2,12,2.060699701309204,0.2279004007577896
kinetics_mini,train/bowling/-5ExwuF5IUI_000030_000040,corrected,0.2,16,1.9025750160217285,0.22544026374816895
kinetics_mini,train/bowling/-5ExwuF5IUI_000030_000040,corrected,0.2,24,1.924965739250183,0.23193830251693726
kinetics_mini,train/bowling/-5ExwuF5IUI_000030_000040,corrected,0.2,32,2.0139992237091064,0.24497747421264648
kinetics_mini,train/bowling/-5ExwuF5IUI_000030_000040,corrected,0.4,2,2.154383897781372,0.20309317111968994
kinetics_mini,train/bowling/-5ExwuF5IUI_000030_000040,corrected,0.4,4,2.083156108856201,0.20831771194934845
kinetics_mini,train/bowling/-5ExwuF5IUI_000030_000040,corrected,0.4,6,2.0768203735351562,0.2121332436800003
kinetics_mini,train/bowling/-5ExwuF5IUI_000030_000040,corrected,0.4,8,2.0600194931030273,0.21932603418827057
kinetics_mini,train/bowling/-5ExwuF5IUI_000030_000040,corrected,0.4,12,2.054351806640625,0.22671844065189362
kinetics_mini,train/bowling/-5ExwuF5IUI_000030_000040,corrected,0.4,16,1.9018839597702026,0.22425097227096558
kinetics_mini,train/bowling/-5ExwuF5IUI_000030_000040,corrected,0.4,24,1.9420689344406128,0.23108825087547302
kinetics_mini,train/bowling/-5ExwuF5IUI_000030_000040,corrected,0.4,32,2.020615577697754,0.24355746805667877
kinetics_mini,train/bowling/-5ExwuF5IUI_000030_000040,corrected,0.8,2,2.1544597148895264,0.20200617611408234
kinetics_mini,train/bowling/-5ExwuF5IUI_000030_000040,corrected,0.8,4,2.081576347351074,0.20870015025138855
kinetics_mini,train/bowling/-5ExwuF5IUI_000030_000040,corrected,0.8,6,2.070377826690674,0.2128901183605194
kinetics_mini,train/bowling/-5ExwuF5IUI_000030_000040,corrected,0.8,8,2.0568578243255615,0.22019754350185394
kinetics_mini,train/bowling/-5ExwuF5IUI_000030_000040,corrected,0.8,12,2.0804872512817383,0.2268168330192566
kinetics_mini,train/bowling/-5ExwuF5IUI_000030_000040,corrected,0.8,16,1.9054430723190308,0.22588521242141724
kinetics_mini,train/bowling/-5ExwuF5IUI_000030_000040,corrected,0.8,24,1.925318956375122,0.2319345772266388
kinetics_mini,train/bowling/-5ExwuF5IUI_000030_000040,corrected,0.8,32,2.0131959915161133,0.24421006441116333
kinetics_mini,train/bowling/-7sTNNI1Bcg_000075_000085,pure,0.0,2,2.413378953933716,0.21974794566631317
kinetics_mini,train/bowling/-7sTNNI1Bcg_000075_000085,pure,0.0,4,2.3431105613708496,0.21839043498039246
kinetics_mini,train/bowling/-7sTNNI1Bcg_000075_000085,pure,0.0,6,2.3203189373016357,0.21636025607585907
kinetics_mini,train/bowling/-7sTNNI1Bcg_000075_000085,pure,0.0,8,2.2643585205078125,0.21472683548927307
kinetics_mini,train/bowling/-7sTNNI1Bcg_000075_000085,pure,0.0,12,2.2231485843658447,0.21810345351696014
kinetics_mini,train/bowling/-7sTNNI1Bcg_000075_000085,pure,0.0,16,2.032492160797119,0.22022493183612823
kinetics_mini,train/bowling/-7sTNNI1Bcg_000075_000085,pure,0.0,24,2.1348464488983154,0.214705228805542
kinetics_mini,train/bowling/-7sTNNI1Bcg_000075_000085,pure,0.0,32,2.0992214679718018,0.21204164624214172
kinetics_mini,train/bowling/-7sTNNI1Bcg_000075_000085,pure,0.05,2,2.413029193878174,0.21976977586746216
kinetics_mini,train/bowling/-7sTNNI1Bcg_000075_000085,pure,0.05,4,2.3430631160736084,0.2183835804462433
kinetics_mini,train/bowling/-7sTNNI1Bcg_000075_000085,pure,0.05,6,2.320315361022949,0.2163533866405487
kinetics_mini,train/bowling/-7sTNNI1Bcg_000075_000085,pure,0.05,8,2.264359951019287,0.2147163599729538
kinetics_mini,train/bowling/-7sTNNI1Bcg_000075_000085,pure,0.05,12,2.2229385375976562,0.2181304544210434
kinetics_mini,train/bowling/-7sTNNI1Bcg_000075_000085,pure,0.05,16,2.0322442054748535,0.2202243059873581
kinetics_mini,train/bowling/-7sTNNI1Bcg_000075_000085,pure,0.05,24,2.134702205657959,0.21470384299755096
kinetics_mini,train/bowling/-7sTNNI1Bcg_000075_000085,pure,0.05,32,2.099087715148926,0.21204400062561035
kinetics_mini,train/bowling/-7sTNNI1Bcg_000075_000085,pure,0.1,2,2.412937641143799,0.21980011463165283
kinetics_mini,train/bowling/-7sTNNI1Bcg_000075_000085,pure,0.1,4,2.343554735183716,0.21841274201869965
kinetics_mini,train/bowling/-7sTNNI1Bcg_000075_000085,pure,0.1,6,2.320964813232422,0.21639086306095123
kinetics_mini,train/bowling/-7sTNNI1Bcg_000075_000085,pure,0.1,8,2.2648067474365234,0.2147502303123474
kinetics_mini,train/bowling/-7sTNNI1Bcg_000075_000085,pure,0.1,12,2.2229745388031006,0.21816317737102509
kinetics_mini,train/bowling/-7sTNNI1Bcg_000075_000085,pure,0.1,16,2.033398389816284,0.2202557772397995
kinetics_mini,train/bowling/-7sTNNI1Bcg_000075_000085,pure,0.1,24,2.135503053665161,0.21474245190620422
kinetics_mini,train/bowling/-7sTNNI1Bcg_000075_000085,pure,0.1,32,2.1000490188598633,0.21208126842975616
kinetics_mini,train/bowling/-7sTNNI1Bcg_000075_000085,pure,0.2,2,2.4121828079223633,0.21974772214889526
kinetics_mini,train/bowling/-7sTNNI1Bcg_000075_000085,pure,0.2,4,2.3415002822875977,0.21838000416755676
kinetics_mini,train/bowling/-7sTNNI1Bcg_000075_000085,pure,0.2,6,2.319110155105591,0.21632851660251617
kinetics_mini,train/bowling/-7sTNNI1Bcg_000075_000085,pure,0.2,8,2.2634565830230713,0.2147110551595688
kinetics_mini,train/bowling/-7sTNNI1Bcg_000075_000085,pure,0.2,12,2.2223939895629883,0.21807792782783508
kinetics_mini,train/bowling/-7sTNNI1Bcg_000075_000085,pure,0.2,16,2.032564640045166,0.2201935350894928
kinetics_mini,train/bowling/-7sTNNI1Bcg_000075_000085,pure,0.2,24,2.134709119796753,0.21470405161380768
kinetics_mini,train/bowling/-7sTNNI1Bcg_000075_000085,pure,0.2,32,2.0991311073303223,0.21200840175151825
kinetics_mini,train/bowling/-7sTNNI1Bcg_000075_000085,pure,0.4,2,2.4108946323394775,0.22026239335536957
kinetics_mini,train/bowling/-7sTNNI1Bcg_000075_000085,pure,0.4,4,2.3456997871398926,0.21840190887451172
kinetics_mini,train/bowling/-7sTNNI1Bcg_000075_000085,pure,0.4,6,2.3201746940612793,0.2165037989616394
kinetics_mini,train/bowling/-7sTNNI1Bcg_000075_000085,pure,0.4,8,2.2640161514282227,0.21492139995098114
kinetics_mini,train/bowling/-7sTNNI1Bcg_000075_000085,pure,0.4,12,2.2195236682891846,0.21851323544979095
kinetics_mini,train/bowling/-7sTNNI1Bcg_000075_000085,pure,0.4,16,2.028799533843994,0.2204132080078125
kinetics_mini,train/bowling/-7sTNNI1Bcg_000075_000085,pure,0.4,24,2.1330983638763428,0.214895099401474
kinetics_mini,train/bowling/-7sTNNI1Bcg_000075_000085,pure,0.4,32,2.0973119735717773,0.2122023105621338
kinetics_mini,train/bowling/-7sTNNI1Bcg_000075_000085,pure,0.8,2,2.40116286277771,0.2211422473192215
kinetics_mini,train/bowling/-7sTNNI1Bcg_000075_000085,pure,0.8,4,2.3359298706054688,0.21903066337108612
kinetics_mini,train/bowling/-7sTNNI1Bcg_000075_000085,pure,0.8,6,2.316585063934326,0.21704091131687164
kinetics_mini,train/bowling/-7sTNNI1Bcg_000075_000085,pure,0.8,8,2.258509635925293,0.21535371243953705
kinetics_mini,train/bowling/-7sTNNI1Bcg_000075_000085,pure,0.8,12,2.20849609375,0.21908560395240784
kinetics_mini,train/bowling/-7sTNNI1Bcg_000075_000085,pure,0.8,16,2.0203444957733154,0.22106370329856873
kinetics_mini,train/bowling/-7sTNNI1Bcg_000075_000085,pure,0.8,24,2.1281957626342773,0.21545234322547913
kinetics_mini,train/bowling/-7sTNNI1Bcg_000075_000085,pure,0.8,32,2.0961740016937256,0.2130182534456253
kinetics_mini,train/bowling/-7sTNNI1Bcg_000075_000085,corrected,0.0,2,2.401407480239868,0.20533175766468048
kinetics_mini,train/bowling/-7sTNNI1Bcg_000075_000085,corrected,0.0,4,2.360964298248291,0.20674633979797363
kinetics_mini,train/bowling/-7sTNNI1Bcg_000075_000085,corrected,0.0,6,2.3682916164398193,0.20572777092456818
kinetics_mini,train/bowling/-7sTNNI1Bcg_000075_000085,corrected,0.0,8,2.3133983612060547,0.20525488257408142
kinetics_mini,train/bowling/-7sTNNI1Bcg_000075_000085,corrected,0.0,12,2.2543039321899414,0.208073228597641
kinetics_mini,train/bowling/-7sTNNI1Bcg_000075_000085,corrected,0.0,16,2.0787248611450195,0.21239395439624786
kinetics_mini,train/bowling/-7sTNNI1Bcg_000075_000085,corrected,0.0,24,2.1731622219085693,0.2075970321893692
kinetics_mini,train/bowling/-7sTNNI1Bcg_000075_000085,corrected,0.0,32,2.231161117553711,0.20218996703624725
kinetics_mini,train/bowling/-7sTNNI1Bcg_000075_000085,corrected,0.05,2,2.3996191024780273,0.20524370670318604
kinetics_mini,train/bowling/-7sTNNI1Bcg_000075_000085,corrected,0.05,4,2.359684944152832,0.20669643580913544
kinetics_mini,train/bowling/-7sTNNI1Bcg_000075_000085,corrected,0.05,6,2.3671960830688477,0.2057267129421234
kinetics_mini,train/bowling/-7sTNNI1Bcg_000075_000085,corrected,0.05,8,2.3125205039978027,0.2051836997270584
kinetics_mini,train/bowling/-7sTNNI1Bcg_000075_000085,corrected,0.05,12,2.252258539199829,0.207984060049057
kinetics_mini,train/bowling/-7sTNNI1Bcg_000075_000085,corrected,0.05,16,2.0759758949279785,0.21238069236278534
kinetics_mini,train/bowling/-7sTNNI1Bcg_000075_000085,corrected,0.05,24,2.1714773178100586,0.2075696438550949
kinetics_mini,train/bowling/-7sTNNI1Bcg_000075_000085,corrected,0.05,32,2.230074405670166,0.20219455659389496
kinetics_mini,train/bowling/-7sTNNI1Bcg_000075_000085,corrected,0.1,2,2.4031622409820557,0.20572230219841003
kinetics_mini,train/bowling/-7sTNNI1Bcg_000075_000085,corrected,0.1,4,2.3619003295898438,0.20703060925006866
kinetics_mini,train/bowling/-7sTNNI1Bcg_000075_000085,corrected,0.1,6,2.3690598011016846,0.20614849030971527
kinetics_mini,train/bowling/-7sTNNI1Bcg_000075_000085,corrected,0.1,8,2.3139495849609375,0.20562060177326202
kinetics_mini,train/bowling/-7sTNNI1Bcg_000075_000085,corrected,0.1,12,2.256220817565918,0.20823468267917633
kinetics_mini,train/bowling/-7sTNNI1Bcg_000075_000085,corrected,0.1,16,2.081345558166504,0.2125784307718277
kinetics_mini,train/bowling/-7sTNNI1Bcg_000075_000085,corrected,0.1,24,2.176565647125244,0.2077002376317978
kinetics_mini,train/bowling/-7sTNNI1Bcg_000075_000085,corrected,0.1,32,2.2350165843963623,0.20258603990077972
kinetics_mini,train/bowling/-7sTNNI1Bcg_000075_000085,corrected,0.2,2,2.3983657360076904,0.20420671999454498
kinetics_mini,train/bowling/-7sTNNI1Bcg_000075_000085,corrected,0.2,4,2.355220317840576,0.20643609762191772
kinetics_mini,train/bowling/-7sTNNI1Bcg_000075_000085,corrected,0.2,6,2.362848997116089,0.20522861182689667
kinetics_mini,train/bowling/-7sTNNI1Bcg_000075_000085,corrected,0.2,8,2.308439254760742,0.20514819025993347
kinetics_mini,train/bowling/-7sTNNI1Bcg_000075_000085,corrected,0.2,12,2.255746841430664,0.20726686716079712
kinetics_mini,train/bowling/-7sTNNI1Bcg_000075_000085,corrected,0.2,16,2.0785231590270996,0.2116800844669342
kinetics_mini,train/bowling/-7sTNNI1Bcg_000075_000085,corrected,0.2,24,2.170010805130005,0.2074785679578781
kinetics_mini,train/bowling/-7sTNNI1Bcg_000075_000085,corrected,0.2,32,2.2389514446258545,0.2019367814064026
kinetics_mini,train/bowling/-7sTNNI1Bcg_000075_000085,corrected,0.4,2,2.3935484886169434,0.20570868253707886
kinetics_mini,train/bowling/-7sTNNI1Bcg_000075_000085,corrected,0.4,4,2.3496320247650146,0.20680001378059387
kinetics_mini,train/bowling/-7sTNNI1Bcg_000075_000085,corrected,0.4,6,2.3637430667877197,0.20554611086845398
kinetics_mini,train/bowling/-7sTNNI1Bcg_000075_000085,corrected,0.4,8,2.312293529510498,0.20504432916641235
kinetics_mini,train/bowling/-7sTNNI1Bcg_000075_000085,corrected,0.4,12,2.243220090866089,0.2076316475868225
kinetics_mini,train/bowling/-7sTNNI1Bcg_000075_000085,corrected,0.4,16,2.071457862854004,0.21234925091266632
kinetics_mini,train/bowling/-7sTNNI1Bcg_000075_000085,corrected,0.4,24,2.183140993118286,0.20732933282852173
kinetics_mini,train/bowling/-7sTNNI1Bcg_000075_000085,corrected,0.4,32,2.2465243339538574,0.20226478576660156
kinetics_mini,train/bowling/-7sTNNI1Bcg_000075_000085,corrected,0.8,2,2.391799211502075,0.20626172423362732
kinetics_mini,train/bowling/-7sTNNI1Bcg_000075_000085,corrected,0.8,4,2.351559638977051,0.2081485539674759
kinetics_mini,train/bowling/-7sTNNI1Bcg_000075_000085,corrected,0.8,6,2.3485636711120605,0.20983609557151794
kinetics_mini,train/bowling/-7sTNNI1Bcg_000075_000085,corrected,0.8,8,2.2932751178741455,0.20811699330806732
kinetics_mini,train/bowling/-7sTNNI1Bcg_000075_000085,corrected,0.8,12,2.245649814605713,0.2092009335756302
kinetics_mini,train/bowling/-7sTNNI1Bcg_000075_000085,corrected,0.8,16,2.0685338973999023,0.21446694433689117
kinetics_mini,train/bowling/-7sTNNI1Bcg_000075_000085,corrected,0.8,24,2.151925802230835,0.20850928127765656
kinetics_mini,train/bowling/-7sTNNI1Bcg_000075_000085,corrected,0.8,32,2.2071692943573,0.20529639720916748
kinetics_mini,train/bowling/-A3CcrEtLpM_000000_000010,pure,0.0,2,1.581841230392456,0.45189207792282104
kinetics_mini,train/bowling/-A3CcrEtLpM_000000_000010,pure,0.0,4,1.6039456129074097,0.4667838215827942
kinetics_mini,train/bowling/-A3CcrEtLpM_000000_000010,pure,0.0,6,1.5980333089828491,0.4738905727863312
kinetics_mini,train/bowling/-A3CcrEtLpM_000000_000010,pure,0.0,8,1.5321409702301025,0.44579029083251953
kinetics_mini,train/bowling/-A3CcrEtLpM_000000_000010,pure,0.0,12,1.5452783107757568,0.39857473969459534
kinetics_mini,train/bowling/-A3CcrEtLpM_000000_000010,pure,0.0,16,1.5318937301635742,0.39806240797042847
kinetics_mini,train/bowling/-A3CcrEtLpM_000000_000010,pure,0.0,24,1.556423544883728,0.39213085174560547
kinetics_mini,train/bowling/-A3CcrEtLpM_000000_000010,pure,0.0,32,1.557337760925293,0.401103138923645
kinetics_mini,train/bowling/-A3CcrEtLpM_000000_000010,pure,0.05,2,1.5820386409759521,0.451866090297699
kinetics_mini,train/bowling/-A3CcrEtLpM_000000_000010,pure,0.05,4,1.6039000749588013,0.4667760729789734
kinetics_mini,train/bowling/-A3CcrEtLpM_000000_000010,pure,0.05,6,1.5982049703598022,0.4738909602165222
kinetics_mini,train/bowling/-A3CcrEtLpM_000000_000010,pure,0.05,8,1.5322604179382324,0.44578981399536133
kinetics_mini,train/bowling/-A3CcrEtLpM_000000_000010,pure,0.05,12,1.5453577041625977,0.3985501229763031
kinetics_mini,train/bowling/-A3CcrEtLpM_000000_000010,pure,0.05,16,1.5319550037384033,0.39805254340171814
kinetics_mini,train/bowling/-A3CcrEtLpM_000000_000010,pure,0.05,24,1.556401252746582,0.392122745513916
kinetics_mini,train/bowling/-A3CcrEtLpM_000000_000010,pure,0.05,32,1.5574214458465576,0.4011033773422241
kinetics_mini,train/bowling/-A3CcrEtLpM_000000_000010,pure,0.1,2,1.5821216106414795,0.4518340528011322
kinetics_mini,train/bowling/-A3CcrEtLpM_000000_000010,pure,0.1,4,1.6037802696228027,0.46676814556121826
kinetics_mini,train/bowling/-A3CcrEtLpM_000000_000010,pure,0.1,6,1.598078966140747,0.4738604724407196
kinetics_mini,train/bowling/-A3CcrEtLpM_000000_000010,pure,0.1,8,1.532245397567749,0.4457688331604004
kinetics_mini,train/bowling/-A3CcrEtLpM_000000_000010,pure,0.1,12,1.5455379486083984,0.39854511618614197
kinetics_mini,train/bowling/-A3CcrEtLpM_000000_000010,pure,0.1,16,1.531625509262085,0.39805474877357483
kinetics_mini,train/bowling/-A3CcrEtLpM_000000_000010,pure,0.1,24,1.5562212467193604,0.3921236991882324
kinetics_mini,train/bowling/-A3CcrEtLpM_000000_000010,pure,0.1,32,1.5573495626449585,0.4011046886444092
kinetics_mini,train/bowling/-A3CcrEtLpM_000000_000010,pure,0.2,2,1.5825153589248657,0.4519323706626892
kinetics_mini,train/bowling/-A3CcrEtLpM_000000_000010,pure,0.2,4,1.6044520139694214,0.46681511402130127
kinetics_mini,train/bowling/-A3CcrEtLpM_000000_000010,pure,0.2,6,1.5983049869537354,0.47393083572387695
kinetics_mini,train/bowling/-A3CcrEtLpM_000000_000010,pure,0.2,8,1.5326443910598755,0.44584324955940247
kinetics_mini,train/bowling/-A3CcrEtLpM_000000_000010,pure,0.2,12,1.5456554889678955,0.3985963761806488
kinetics_mini,train/bowling/-A3CcrEtLpM_000000_000010,pure,0.2,16,1.5325881242752075,0.39808976650238037
kinetics_mini,train/bowling/-A3CcrEtLpM_000000_000010,pure,0.2,24,1.5564167499542236,0.39219626784324646
kinetics_mini,train/bowling/-A3CcrEtLpM_000000_000010,pure,0.2,32,1.5576727390289307,0.4010905623435974
kinetics_mini,train/bowling/-A3CcrEtLpM_000000_000010,pure,0.4,2,1.5823454856872559,0.45149433612823486
kinetics_mini,train/bowling/-A3CcrEtLpM_000000_000010,pure,0.4,4,1.6016697883605957,0.4666005074977875
kinetics_mini,train/bowling/-A3CcrEtLpM_000000_000010,pure,0.4,6,1.5973362922668457,0.4736531972885132
kinetics_mini,train/bowling/-A3CcrEtLpM_000000_000010,pure,0.4,8,1.5315687656402588,0.44557270407676697
kinetics_mini,train/bowling/-A3CcrEtLpM_000000_000010,pure,0.4,12,1.5451505184173584,0.39817237854003906
kinetics_mini,train/bowling/-A3CcrEtLpM_000000_000010,pure,0.4,16,1.5300174951553345,0.3979135751724243
kinetics_mini,train/bowling/-A3CcrEtLpM_000000_000010,pure,0.4,24,1.5553725957870483,0.3920447826385498
kinetics_mini,train/bowling/-A3CcrEtLpM_000000_000010,pure,0.4,32,1.557395100593567,0.4010257124900818
kinetics_mini,train/bowling/-A3CcrEtLpM_000000_000010,pure,0.8,2,1.5853309631347656,0.4513934254646301
kinetics_mini,train/bowling/-A3CcrEtLpM_000000_000010,pure,0.8,4,1.601979374885559,0.46671685576438904
kinetics_mini,train/bowling/-A3CcrEtLpM_000000_000010,pure,0.8,6,1.6001925468444824,0.47361236810684204
kinetics_mini,train/bowling/-A3CcrEtLpM_000000_000010,pure,0.8,8,1.5360620021820068,0.4455125331878662
kinetics_mini,train/bowling/-A3CcrEtLpM_000000_000010,pure,0.8,12,1.5498850345611572,0.3980637490749359
kinetics_mini,train/bowling/-A3CcrEtLpM_000000_000010,pure,0.8,16,1.5339349508285522,0.3979641795158386
kinetics_mini,train/bowling/-A3CcrEtLpM_000000_000010,pure,0.8,24,1.5555251836776733,0.39218947291374207
kinetics_mini,train/bowling/-A3CcrEtLpM_000000_000010,pure,0.8,32,1.558376669883728,0.4009304642677307
kinetics_mini,train/bowling/-A3CcrEtLpM_000000_000010,corrected,0.0,2,1.6684331893920898,0.47350719571113586
kinetics_mini,train/bowling/-A3CcrEtLpM_000000_000010,corrected,0.0,4,1.632533073425293,0.47388532757759094
kinetics_mini,train/bowling/-A3CcrEtLpM_000000_000010,corrected,0.0,6,1.6536481380462646,0.47991326451301575
kinetics_mini,train/bowling/-A3CcrEtLpM_000000_000010,corrected,0.0,8,1.6056334972381592,0.4604417085647583
kinetics_mini,train/bowling/-A3CcrEtLpM_000000_000010,corrected,0.0,12,1.6173961162567139,0.4257603585720062
kinetics_mini,train/bowling/-A3CcrEtLpM_000000_000010,corrected,0.0,16,1.577033281326294,0.414705365896225
kinetics_mini,train/bowling/-A3CcrEtLpM_000000_000010,corrected,0.0,24,1.5816397666931152,0.411247581243515
kinetics_mini,train/bowling/-A3CcrEtLpM_000000_000010,corrected,0.0,32,1.5951497554779053,0.4202108085155487
kinetics_mini,train/bowling/-A3CcrEtLpM_000000_000010,corrected,0.05,2,1.66835618019104,0.47335660457611084
kinetics_mini,train/bowling/-A3CcrEtLpM_000000_000010,corrected,0.05,4,1.6323943138122559,0.47379955649375916
kinetics_mini,train/bowling/-A3CcrEtLpM_000000_000010,corrected,0.05,6,1.6540513038635254,0.47997814416885376
kinetics_mini,train/bowling/-A3CcrEtLpM_000000_000010,corrected,0.05,8,1.6057041883468628,0.4604170322418213
kinetics_mini,train/bowling/-A3CcrEtLpM_000000_000010,corrected,0.05,12,1.6167231798171997,0.4255181849002838
kinetics_mini,train/bowling/-A3CcrEtLpM_000000_000010,corrected,0.05,16,1.5766589641571045,0.41463807225227356
kinetics_mini,train/bowling/-A3CcrEtLpM_000000_000010,corrected,0.05,24,1.5810682773590088,0.4110915958881378
kinetics_mini,train/bowling/-A3CcrEtLpM_000000_000010,corrected,0.05,32,1.5952945947647095,0.42013871669769287
kinetics_mini,train/bowling/-A3CcrEtLpM_000000_000010,corrected,0.1,2,1.6689281463623047,0.47327935695648193
kinetics_mini,train/bowling/-A3CcrEtLpM_000000_000010,corrected,0.1,4,1.6300435066223145,0.473715215921402
kinetics_mini,train/bowling/-A3CcrEtLpM_000000_000010,corrected,0.1,6,1.6521165370941162,0.4796895384788513
kinetics_mini,train/bowling/-A3CcrEtLpM_000000_000010,corrected,0.1,8,1.6045821905136108,0.4601137042045593
kinetics_mini,train/bowling/-A3CcrEtLpM_000000_000010,corrected,0.1,12,1.6167329549789429,0.42527276277542114
kinetics_mini,train/bowling/-A3CcrEtLpM_000000_000010,corrected,0.1,16,1.5762598514556885,0.4144763946533203
kinetics_mini,train/bowling/-A3CcrEtLpM_000000_000010,corrected,0.1,24,1.5806304216384888,0.4109037518501282
kinetics_mini,train/bowling/-A3CcrEtLpM_000000_000010,corrected,0.1,32,1.594829797744751,0.4197818636894226
kinetics_mini,train/bowling/-A3CcrEtLpM_000000_000010,corrected,0.2,2,1.6737282276153564,0.47366952896118164
kinetics_mini,train/bowling/-A3CcrEtLpM_000000_000010,corrected,0.2,4,1.63447904586792,0.4744395911693573
kinetics_mini,train/bowling/-A3CcrEtLpM_000000_000010,corrected,0.2,6,1.6549774408340454,0.4801318347454071
kinetics_mini,train/bowling/-A3CcrEtLpM_000000_000010,corrected,0.2,8,1.6077044010162354,0.4608784019947052
kinetics_mini,train/bowling/-A3CcrEtLpM_000000_000010,corrected,0.2,12,1.619905710220337,0.42620763182640076
kinetics_mini,train/bowling/-A3CcrEtLpM_000000_000010,corrected,0.2,16,1.5763239860534668,0.41492974758148193
kinetics_mini,train/bowling/-A3CcrEtLpM_000000_000010,corrected,0.2,24,1.582507848739624,0.4113495945930481
kinetics_mini,train/bowling/-A3CcrEtLpM_000000_000010,corrected,0.2,32,1.5959423780441284,0.42028722167015076
kinetics_mini,train/bowling/-A3CcrEtLpM_000000_000010,corrected,0.4,2,1.680077314376831,0.47357824444770813
kinetics_mini,train/bowling/-A3CcrEtLpM_000000_000010,corrected,0.4,4,1.6339657306671143,0.4752942621707916
kinetics_mini,train/bowling/-A3CcrEtLpM_000000_000010,corrected,0.4,6,1.6531977653503418,0.480011522769928
kinetics_mini,train/bowling/-A3CcrEtLpM_000000_000010,corrected,0.4,8,1.6109763383865356,0.4606776833534241
kinetics_mini,train/bowling/-A3CcrEtLpM_000000_000010,corrected,0.4,12,1.6230496168136597,0.42646822333335876
kinetics_mini,train/bowling/-A3CcrEtLpM_000000_000010,corrected,0.4,16,1.5783122777938843,0.4164752662181854
kinetics_mini,train/bowling/-A3CcrEtLpM_000000_000010,corrected,0.4,24,1.5949409008026123,0.41159123182296753
kinetics_mini,train/bowling/-A3CcrEtLpM_000000_000010,corrected,0.4,32,1.6082509756088257,0.4190386235713959
kinetics_mini,train/bowling/-A3CcrEtLpM_000000_000010,corrected,0.8,2,1.719157099723816,0.4707699120044708
kinetics_mini,train/bowling/-A3CcrEtLpM_000000_000010,corrected,0.8,4,1.6445914506912231,0.4748411476612091
kinetics_mini,train/bowling/-A3CcrEtLpM_000000_000010,corrected,0.8,6,1.6693745851516724,0.48092395067214966
kinetics_mini,train/bowling/-A3CcrEtLpM_000000_000010,corrected,0.8,8,1.6314061880111694,0.4616728723049164
kinetics_mini,train/bowling/-A3CcrEtLpM_000000_000010,corrected,0.8,12,1.6504021883010864,0.42587780952453613
kinetics_mini,train/bowling/-A3CcrEtLpM_000000_000010,corrected,0.8,16,1.6047778129577637,0.41631457209587097
kinetics_mini,train/bowling/-A3CcrEtLpM_000000_000010,corrected,0.8,24,1.6239243745803833,0.41259679198265076
kinetics_mini,train/bowling/-A3CcrEtLpM_000000_000010,corrected,0.8,32,1.6351807117462158,0.4222860336303711
kinetics_mini,train/bowling/-HtSfbgCm10_000040_000050,pure,0.0,2,2.3263344764709473,0.3066774904727936
kinetics_mini,train/bowling/-HtSfbgCm10_000040_000050,pure,0.0,4,2.275749921798706,0.3053058981895447
kinetics_mini,train/bowling/-HtSfbgCm10_000040_000050,pure,0.0,6,2.234821319580078,0.302103191614151
kinetics_mini,train/bowling/-HtSfbgCm10_000040_000050,pure,0.0,8,2.2109949588775635,0.29954174160957336
kinetics_mini,train/bowling/-HtSfbgCm10_000040_000050,pure,0.0,12,2.223205089569092,0.30150049924850464
kinetics_mini,train/bowling/-HtSfbgCm10_000040_000050,pure,0.0,16,2.1173901557922363,0.2997591197490692
kinetics_mini,train/bowling/-HtSfbgCm10_000040_000050,pure,0.0,24,2.137136459350586,0.29961097240448
kinetics_mini,train/bowling/-HtSfbgCm10_000040_000050,pure,0.0,32,2.1161723136901855,0.30364754796028137
kinetics_mini,train/bowling/-HtSfbgCm10_000040_000050,pure,0.05,2,2.326096773147583,0.30668720602989197
kinetics_mini,train/bowling/-HtSfbgCm10_000040_000050,pure,0.05,4,2.2755866050720215,0.3053129017353058
kinetics_mini,train/bowling/-HtSfbgCm10_000040_000050,pure,0.05,6,2.234877347946167,0.30210429430007935
kinetics_mini,train/bowling/-HtSfbgCm10_000040_000050,pure,0.05,8,2.211052417755127,0.2995452880859375
kinetics_mini,train/bowling/-HtSfbgCm10_000040_000050,pure,0.05,12,2.223252296447754,0.30151721835136414
kinetics_mini,train/bowling/-HtSfbgCm10_000040_000050,pure,0.05,16,2.1172807216644287,0.2997557520866394
kinetics_mini,train/bowling/-HtSfbgCm10_000040_000050,pure,0.05,24,2.1369705200195312,0.29960954189300537
kinetics_mini,train/bowling/-HtSfbgCm10_000040_000050,pure,0.05,32,2.116124153137207,0.30365145206451416
kinetics_mini,train/bowling/-HtSfbgCm10_000040_000050,pure,0.1,2,2.3265743255615234,0.30676180124282837
kinetics_mini,train/bowling/-HtSfbgCm10_000040_000050,pure,0.1,4,2.2763781547546387,0.30535653233528137
kinetics_mini,train/bowling/-HtSfbgCm10_000040_000050,pure,0.1,6,2.235731601715088,0.30212822556495667
kinetics_mini,train/bowling/-HtSfbgCm10_000040_000050,pure,0.1,8,2.211686849594116,0.2995685338973999
kinetics_mini,train/bowling/-HtSfbgCm10_000040_000050,pure,0.1,12,2.2234859466552734,0.30157211422920227
kinetics_mini,train/bowling/-HtSfbgCm10_000040_000050,pure,0.1,16,2.118509292602539,0.29981085658073425
kinetics_mini,train/bowling/-HtSfbgCm10_000040_000050,pure,0.1,24,2.137620449066162,0.29967761039733887
kinetics_mini,train/bowling/-HtSfbgCm10_000040_000050,pure,0.1,32,2.1162960529327393,0.3036826550960541
kinetics_mini,train/bowling/-HtSfbgCm10_000040_000050,pure,0.2,2,2.327958345413208,0.30656546354293823
kinetics_mini,train/bowling/-HtSfbgCm10_000040_000050,pure,0.2,4,2.275444269180298,0.3052304983139038
kinetics_mini,train/bowling/-HtSfbgCm10_000040_000050,pure,0.2,6,2.235128402709961,0.3021179437637329
kinetics_mini,train/bowling/-HtSfbgCm10_000040_000050,pure,0.2,8,2.2111616134643555,0.2995707392692566
kinetics_mini,train/bowling/-HtSfbgCm10_000040_000050,pure,0.2,12,2.222476005554199,0.301430344581604
kinetics_mini,train/bowling/-HtSfbgCm10_000040_000050,pure,0.2,16,2.11716628074646,0.29978156089782715
kinetics_mini,train/bowling/-HtSfbgCm10_000040_000050,pure,0.2,24,2.137269973754883,0.2996543347835541
kinetics_mini,train/bowling/-HtSfbgCm10_000040_000050,pure,0.2,32,2.1169486045837402,0.3036404848098755
kinetics_mini,train/bowling/-HtSfbgCm10_000040_000050,pure,0.4,2,2.3303029537200928,0.30721524357795715
kinetics_mini,train/bowling/-HtSfbgCm10_000040_000050,pure,0.4,4,2.273909330368042,0.30543896555900574
kinetics_mini,train/bowling/-HtSfbgCm10_000040_000050,pure,0.4,6,2.238323450088501,0.30221250653266907
kinetics_mini,train/bowling/-HtSfbgCm10_000040_000050,pure,0.4,8,2.213508129119873,0.2996828854084015
kinetics_mini,train/bowling/-HtSfbgCm10_000040_000050,pure,0.4,12,2.2248620986938477,0.3018893599510193
kinetics_mini,train/bowling/-HtSfbgCm10_000040_000050,pure,0.4,16,2.11492657661438,0.29989761114120483
kinetics_mini,train/bowling/-HtSfbgCm10_000040_000050,pure,0.4,24,2.1364316940307617,0.2997263967990875
kinetics_mini,train/bowling/-HtSfbgCm10_000040_000050,pure,0.4,32,2.1181085109710693,0.3037923574447632
kinetics_mini,train/bowling/-HtSfbgCm10_000040_000050,pure,0.8,2,2.3257153034210205,0.30789878964424133
kinetics_mini,train/bowling/-HtSfbgCm10_000040_000050,pure,0.8,4,2.2721035480499268,0.30586448311805725
kinetics_mini,train/bowling/-HtSfbgCm10_000040_000050,pure,0.8,6,2.2358181476593018,0.3026813566684723
kinetics_mini,train/bowling/-HtSfbgCm10_000040_000050,pure,0.8,8,2.209604263305664,0.300193190574646
kinetics_mini,train/bowling/-HtSfbgCm10_000040_000050,pure,0.8,12,2.2192187309265137,0.3024192750453949
kinetics_mini,train/bowling/-HtSfbgCm10_000040_000050,pure,0.8,16,2.112074136734009,0.3004327118396759
kinetics_mini,train/bowling/-HtSfbgCm10_000040_000050,pure,0.8,24,2.1300783157348633,0.3000989854335785
kinetics_mini,train/bowling/-HtSfbgCm10_000040_000050,pure,0.8,32,2.115879774093628,0.304104208946228
kinetics_mini,train/bowling/-HtSfbgCm10_000040_000050,corrected,0.0,2,2.2788779735565186,0.30340275168418884
kinetics_mini,train/bowling/-HtSfbgCm10_000040_000050,corrected,0.0,4,2.2666616439819336,0.30347174406051636
kinetics_mini,train/bowling/-HtSfbgCm10_000040_000050,corrected,0.0,6,2.2857935428619385,0.3030535578727722
kinetics_mini,train/bowling/-HtSfbgCm10_000040_000050,corrected,0.0,8,2.2472310066223145,0.3009437620639801
kinetics_mini,train/bowling/-HtSfbgCm10_000040_000050,corrected,0.0,12,2.1950430870056152,0.3007599115371704
kinetics_mini,train/bowling/-HtSfbgCm10_000040_000050,corrected,0.0,16,2.0759658813476562,0.3008822500705719
kinetics_mini,train/bowling/-HtSfbgCm10_000040_000050,corrected,0.0,24,2.127316951751709,0.301219642162323
kinetics_mini,train/bowling/-HtSfbgCm10_000040_000050,corrected,0.0,32,2.155747413635254,0.30409759283065796
kinetics_mini,train/bowling/-HtSfbgCm10_000040_000050,corrected,0.05,2,2.2787725925445557,0.3033868968486786
kinetics_mini,train/bowling/-HtSfbgCm10_000040_000050,corrected,0.05,4,2.2680420875549316,0.30343228578567505
kinetics_mini,train/bowling/-HtSfbgCm10_000040_000050,corrected,0.05,6,2.2864038944244385,0.3030112683773041
kinetics_mini,train/bowling/-HtSfbgCm10_000040_000050,corrected,0.05,8,2.2484097480773926,0.3009078800678253
kinetics_mini,train/bowling/-HtSfbgCm10_000040_000050,corrected,0.05,12,2.195603847503662,0.30076998472213745
kinetics_mini,train/bowling/-HtSfbgCm10_000040_000050,corrected,0.05,16,2.077606439590454,0.3008858263492584
kinetics_mini,train/bowling/-HtSfbgCm10_000040_000050,corrected,0.05,24,2.127530336380005,0.3012462258338928
kinetics_mini,train/bowling/-HtSfbgCm10_000040_000050,corrected,0.05,32,2.154980421066284,0.30414339900016785
kinetics_mini,train/bowling/-HtSfbgCm10_000040_000050,corrected,0.1,2,2.2795796394348145,0.303852915763855
kinetics_mini,train/bowling/-HtSfbgCm10_000040_000050,corrected,0.1,4,2.2633867263793945,0.30388084053993225
kinetics_mini,train/bowling/-HtSfbgCm10_000040_000050,corrected,0.1,6,2.2834086418151855,0.3034173250198364
kinetics_mini,train/bowling/-HtSfbgCm10_000040_000050,corrected,0.1,8,2.243927478790283,0.3012705147266388
kinetics_mini,train/bowling/-HtSfbgCm10_000040_000050,corrected,0.1,12,2.194474697113037,0.30123886466026306
kinetics_mini,train/bowling/-HtSfbgCm10_000040_000050,corrected,0.1,16,2.072826862335205,0.301275372505188
kinetics_mini,train/bowling/-HtSfbgCm10_000040_000050,corrected,0.1,24,2.126187562942505,0.3016678988933563
kinetics_mini,train/bowling/-HtSfbgCm10_000040_000050,corrected,0.1,32,2.1541314125061035,0.30451613664627075
kinetics_mini,train/bowling/-HtSfbgCm10_000040_000050,corrected,0.2,2,2.282698154449463,0.3038400113582611
kinetics_mini,train/bowling/-HtSfbgCm10_000040_000050,corrected,0.2,4,2.265997886657715,0.30390244722366333
kinetics_mini,train/bowling/-HtSfbgCm10_000040_000050,corrected,0.2,6,2.2831382751464844,0.303591787815094
kinetics_mini,train/bowling/-HtSfbgCm10_000040_000050,corrected,0.2,8,2.244513750076294,0.30145499110221863
kinetics_mini,train/bowling/-HtSfbgCm10_000040_000050,corrected,0.2,12,2.195913553237915,0.3011210560798645
kinetics_mini,train/bowling/-HtSfbgCm10_000040_000050,corrected,0.2,16,2.0786736011505127,0.30105361342430115
kinetics_mini,train/bowling/-HtSfbgCm10_000040_000050,corrected,0.2,24,2.125643014907837,0.3013800084590912
kinetics_mini,train/bowling/-HtSfbgCm10_000040_000050,corrected,0.2,32,2.1498167514801025,0.30436012148857117
kinetics_mini,train/bowling/-HtSfbgCm10_000040_000050,corrected,0.4,2,2.286771297454834,0.30379948019981384
kinetics_mini,train/bowling/-HtSfbgCm10_000040_000050,corrected,0.4,4,2.2830419540405273,0.30407533049583435
kinetics_mini,train/bowling/-HtSfbgCm10_000040_000050,corrected,0.4,6,2.2994391918182373,0.30344900488853455
kinetics_mini,train/bowling/-HtSfbgCm10_000040_000050,corrected,0.4,8,2.259997844696045,0.30162808299064636
kinetics_mini,train/bowling/-HtSfbgCm10_000040_000050,corrected,0.4,12,2.2116012573242188,0.3016773462295532
kinetics_mini,train/bowling/-HtSfbgCm10_000040_000050,corrected,0.4,16,2.087412118911743,0.3011482059955597
kinetics_mini,train/bowling/-HtSfbgCm10_000040_000050,corrected,0.4,24,2.1373186111450195,0.30184251070022583
kinetics_mini,train/bowling/-HtSfbgCm10_000040_000050,corrected,0.4,32,2.171895980834961,0.30452626943588257
kinetics_mini,train/bowling/-HtSfbgCm10_000040_000050,corrected,0.8,2,2.3317296504974365,0.3011992573738098
kinetics_mini,train/bowling/-HtSfbgCm10_000040_000050,corrected,0.8,4,2.2939817905426025,0.30251938104629517
kinetics_mini,train/bowling/-HtSfbgCm10_000040_000050,corrected,0.8,6,2.331188678741455,0.30274075269699097
kinetics_mini,train/bowling/-HtSfbgCm10_000040_000050,corrected,0.8,8,2.2997050285339355,0.30129414796829224
kinetics_mini,train/bowling/-HtSfbgCm10_000040_000050,corrected,0.8,12,2.2253260612487793,0.2988566756248474
kinetics_mini,train/bowling/-HtSfbgCm10_000040_000050,corrected,0.8,16,2.107142925262451,0.30011287331581116
kinetics_mini,train/bowling/-HtSfbgCm10_000040_000050,corrected,0.8,24,2.167954921722412,0.30094295740127563
kinetics_mini,train/bowling/-HtSfbgCm10_000040_000050,corrected,0.8,32,2.195627450942993,0.3051897883415222
kinetics_mini,train/bowling/-ID7HUQnT5g_000010_000020,pure,0.0,2,2.4029359817504883,0.32649216055870056
kinetics_mini,train/bowling/-ID7HUQnT5g_000010_000020,pure,0.0,4,2.3030166625976562,0.32020843029022217
kinetics_mini,train/bowling/-ID7HUQnT5g_000010_000020,pure,0.0,6,2.246692657470703,0.47960948944091797
kinetics_mini,train/bowling/-ID7HUQnT5g_000010_000020,pure,0.0,8,2.206160068511963,0.3923652768135071
kinetics_mini,train/bowling/-ID7HUQnT5g_000010_000020,pure,0.0,12,2.3076517581939697,0.305951327085495
kinetics_mini,train/bowling/-ID7HUQnT5g_000010_000020,pure,0.0,16,2.0970683097839355,0.30233392119407654
kinetics_mini,train/bowling/-ID7HUQnT5g_000010_000020,pure,0.0,24,2.154594898223877,0.30635663866996765
kinetics_mini,train/bowling/-ID7HUQnT5g_000010_000020,pure,0.0,32,2.080749988555908,0.30746036767959595
kinetics_mini,train/bowling/-ID7HUQnT5g_000010_000020,pure,0.05,2,2.4030330181121826,0.32649219036102295
kinetics_mini,train/bowling/-ID7HUQnT5g_000010_000020,pure,0.05,4,2.3032965660095215,0.32019418478012085
kinetics_mini,train/bowling/-ID7HUQnT5g_000010_000020,pure,0.05,6,2.2467644214630127,0.4796026647090912
kinetics_mini,train/bowling/-ID7HUQnT5g_000010_000020,pure,0.05,8,2.206301689147949,0.3923555612564087
kinetics_mini,train/bowling/-ID7HUQnT5g_000010_000020,pure,0.05,12,2.3076493740081787,0.30595874786376953
kinetics_mini,train/bowling/-ID7HUQnT5g_000010_000020,pure,0.05,16,2.0969104766845703,0.30232247710227966
kinetics_mini,train/bowling/-ID7HUQnT5g_000010_000020,pure,0.05,24,2.1543493270874023,0.30634769797325134
kinetics_mini,train/bowling/-ID7HUQnT5g_000010_000020,pure,0.05,32,2.080597400665283,0.30745914578437805
kinetics_mini,train/bowling/-ID7HUQnT5g_000010_000020,pure,0.1,2,2.4024927616119385,0.3265925347805023
kinetics_mini,train/bowling/-ID7HUQnT5g_000010_000020,pure,0.1,4,2.3029656410217285,0.32024669647216797
kinetics_mini,train/bowling/-ID7HUQnT5g_000010_000020,pure,0.1,6,2.24649715423584,0.4796638786792755
kinetics_mini,train/bowling/-ID7HUQnT5g_000010_000020,pure,0.1,8,2.2057957649230957,0.39241260290145874
kinetics_mini,train/bowling/-ID7HUQnT5g_000010_000020,pure,0.1,12,2.307182788848877,0.3060365617275238
kinetics_mini,train/bowling/-ID7HUQnT5g_000010_000020,pure,0.1,16,2.0969948768615723,0.30236801505088806
kinetics_mini,train/bowling/-ID7HUQnT5g_000010_000020,pure,0.1,24,2.1550943851470947,0.30640172958374023
kinetics_mini,train/bowling/-ID7HUQnT5g_000010_000020,pure,0.1,32,2.0810301303863525,0.30750951170921326
kinetics_mini,train/bowling/-ID7HUQnT5g_000010_000020,pure,0.2,2,2.402461528778076,0.32646486163139343
kinetics_mini,train/bowling/-ID7HUQnT5g_000010_000020,pure,0.2,4,2.3028388023376465,0.32019224762916565
kinetics_mini,train/bowling/-ID7HUQnT5g_000010_000020,pure,0.2,6,2.2472286224365234,0.47957873344421387
kinetics_mini,train/bowling/-ID7HUQnT5g_000010_000020,pure,0.2,8,2.206696033477783,0.39235353469848633
kinetics_mini,train/bowling/-ID7HUQnT5g_000010_000020,pure,0.2,12,2.306917667388916,0.3059230148792267
kinetics_mini,train/bowling/-ID7HUQnT5g_000010_000020,pure,0.2,16,2.0976271629333496,0.30234742164611816
kinetics_mini,train/bowling/-ID7HUQnT5g_000010_000020,pure,0.2,24,2.154412269592285,0.3064090609550476
kinetics_mini,train/bowling/-ID7HUQnT5g_000010_000020,pure,0.2,32,2.080535888671875,0.3075031638145447
kinetics_mini,train/bowling/-ID7HUQnT5g_000010_000020,pure,0.4,2,2.398806571960449,0.3270152807235718
kinetics_mini,train/bowling/-ID7HUQnT5g_000010_000020,pure,0.4,4,2.3048977851867676,0.3201698362827301
kinetics_mini,train/bowling/-ID7HUQnT5g_000010_000020,pure,0.4,6,2.2474026679992676,0.47966647148132324
kinetics_mini,train/bowling/-ID7HUQnT5g_000010_000020,pure,0.4,8,2.2054224014282227,0.392404705286026
kinetics_mini,train/bowling/-ID7HUQnT5g_000010_000020,pure,0.4,12,2.302901029586792,0.30627793073654175
kinetics_mini,train/bowling/-ID7HUQnT5g_000010_000020,pure,0.4,16,2.092973470687866,0.3023239076137543
kinetics_mini,train/bowling/-ID7HUQnT5g_000010_000020,pure,0.4,24,2.1519699096679688,0.30629220604896545
kinetics_mini,train/bowling/-ID7HUQnT5g_000010_000020,pure,0.4,32,2.0764119625091553,0.30732297897338867
kinetics_mini,train/bowling/-ID7HUQnT5g_000010_000020,pure,0.8,2,2.3935999870300293,0.3276691138744354
kinetics_mini,train/bowling/-ID7HUQnT5g_000010_000020,pure,0.8,4,2.294395923614502,0.32071638107299805
kinetics_mini,train/bowling/-ID7HUQnT5g_000010_000020,pure,0.8,6,2.243791103363037,0.48059722781181335
kinetics_mini,train/bowling/-ID7HUQnT5g_000010_000020,pure,0.8,8,2.201998472213745,0.39331379532814026
kinetics_mini,train/bowling/-ID7HUQnT5g_000010_000020,pure,0.8,12,2.294923782348633,0.3068162798881531
kinetics_mini,train/bowling/-ID7HUQnT5g_000010_000020,pure,0.8,16,2.089630126953125,0.3029558062553406
kinetics_mini,train/bowling/-ID7HUQnT5g_000010_000020,pure,0.8,24,2.151594877243042,0.30664339661598206
kinetics_mini,train/bowling/-ID7HUQnT5g_000010_000020,pure,0.8,32,2.0787017345428467,0.30788546800613403
kinetics_mini,train/bowling/-ID7HUQnT5g_000010_000020,corrected,0.0,2,2.2898895740509033,0.31437698006629944
kinetics_mini,train/bowling/-ID7HUQnT5g_000010_000020,corrected,0.0,4,2.313138961791992,0.31305891275405884
kinetics_mini,train/bowling/-ID7HUQnT5g_000010_000020,corrected,0.0,6,2.2770936489105225,0.4709594249725342
kinetics_mini,train/bowling/-ID7HUQnT5g_000010_000020,corrected,0.0,8,2.230448007583618,0.38409408926963806
kinetics_mini,train/bowling/-ID7HUQnT5g_000010_000020,corrected,0.0,12,2.211080551147461,0.2953774333000183
kinetics_mini,train/bowling/-ID7HUQnT5g_000010_000020,corrected,0.0,16,2.092480182647705,0.29669293761253357
kinetics_mini,train/bowling/-ID7HUQnT5g_000010_000020,corrected,0.0,24,2.1428089141845703,0.30208632349967957
kinetics_mini,train/bowling/-ID7HUQnT5g_000010_000020,corrected,0.0,32,2.192681074142456,0.3025542199611664
kinetics_mini,train/bowling/-ID7HUQnT5g_000010_000020,corrected,0.05,2,2.288452625274658,0.3143518567085266
kinetics_mini,train/bowling/-ID7HUQnT5g_000010_000020,corrected,0.05,4,2.311387538909912,0.313072144985199
kinetics_mini,train/bowling/-ID7HUQnT5g_000010_000020,corrected,0.05,6,2.276703357696533,0.4709859788417816
kinetics_mini,train/bowling/-ID7HUQnT5g_000010_000020,corrected,0.05,8,2.2299716472625732,0.38409721851348877
kinetics_mini,train/bowling/-ID7HUQnT5g_000010_000020,corrected,0.05,12,2.211179256439209,0.29531076550483704
kinetics_mini,train/bowling/-ID7HUQnT5g_000010_000020,corrected,0.05,16,2.0919113159179688,0.2966902554035187
kinetics_mini,train/bowling/-ID7HUQnT5g_000010_000020,corrected,0.05,24,2.1433396339416504,0.30209314823150635
kinetics_mini,train/bowling/-ID7HUQnT5g_000010_000020,corrected,0.05,32,2.193319797515869,0.30260926485061646
kinetics_mini,train/bowling/-ID7HUQnT5g_000010_000020,corrected,0.1,2,2.2879462242126465,0.31481900811195374
kinetics_mini,train/bowling/-ID7HUQnT5g_000010_000020,corrected,0.1,4,2.312702178955078,0.3133765161037445
kinetics_mini,train/bowling/-ID7HUQnT5g_000010_000020,corrected,0.1,6,2.2764828205108643,0.4714145362377167
kinetics_mini,train/bowling/-ID7HUQnT5g_000010_000020,corrected,0.1,8,2.230616807937622,0.38448190689086914
kinetics_mini,train/bowling/-ID7HUQnT5g_000010_000020,corrected,0.1,12,2.211808919906616,0.2957693934440613
kinetics_mini,train/bowling/-ID7HUQnT5g_000010_000020,corrected,0.1,16,2.091097593307495,0.2970331907272339
kinetics_mini,train/bowling/-ID7HUQnT5g_000010_000020,corrected,0.1,24,2.1427910327911377,0.3023827373981476
kinetics_mini,train/bowling/-ID7HUQnT5g_000010_000020,corrected,0.1,32,2.1911070346832275,0.30287185311317444
kinetics_mini,train/bowling/-ID7HUQnT5g_000010_000020,corrected,0.2,2,2.30903697013855,0.3142086863517761
kinetics_mini,train/bowling/-ID7HUQnT5g_000010_000020,corrected,0.2,4,2.3204145431518555,0.31304237246513367
kinetics_mini,train/bowling/-ID7HUQnT5g_000010_000020,corrected,0.2,6,2.2824769020080566,0.470868319272995
kinetics_mini,train/bowling/-ID7HUQnT5g_000010_000020,corrected,0.2,8,2.234776496887207,0.3841707110404968
kinetics_mini,train/bowling/-ID7HUQnT5g_000010_000020,corrected,0.2,12,2.22505521774292,0.2953750193119049
kinetics_mini,train/bowling/-ID7HUQnT5g_000010_000020,corrected,0.2,16,2.0994510650634766,0.29675525426864624
kinetics_mini,train/bowling/-ID7HUQnT5g_000010_000020,corrected,0.2,24,2.149573802947998,0.3022902011871338
kinetics_mini,train/bowling/-ID7HUQnT5g_000010_000020,corrected,0.2,32,2.198009490966797,0.3026730418205261
kinetics_mini,train/bowling/-ID7HUQnT5g_000010_000020,corrected,0.4,2,2.304379463195801,0.3148724138736725
kinetics_mini,train/bowling/-ID7HUQnT5g_000010_000020,corrected,0.4,4,2.3190276622772217,0.3133803904056549
kinetics_mini,train/bowling/-ID7HUQnT5g_000010_000020,corrected,0.4,6,2.276764392852783,0.4727339744567871
kinetics_mini,train/bowling/-ID7HUQnT5g_000010_000020,corrected,0.4,8,2.2298340797424316,0.38534215092658997
kinetics_mini,train/bowling/-ID7HUQnT5g_000010_000020,corrected,0.4,12,2.2233591079711914,0.2959650158882141
kinetics_mini,train/bowling/-ID7HUQnT5g_000010_000020,corrected,0.4,16,2.0850963592529297,0.29733943939208984
kinetics_mini,train/bowling/-ID7HUQnT5g_000010_000020,corrected,0.4,24,2.140282154083252,0.302882581949234
kinetics_mini,train/bowling/-ID7HUQnT5g_000010_000020,corrected,0.4,32,2.1897506713867188,0.3039240539073944
kinetics_mini,train/bowling/-ID7HUQnT5g_000010_000020,corrected,0.8,2,2.271245241165161,0.31395378708839417
kinetics_mini,train/bowling/-ID7HUQnT5g_000010_000020,corrected,0.8,4,2.2955641746520996,0.31300580501556396
kinetics_mini,train/bowling/-ID7HUQnT5g_000010_000020,corrected,0.8,6,2.258613109588623,0.4694203734397888
kinetics_mini,train/bowling/-ID7HUQnT5g_000010_000020,corrected,0.8,8,2.203747510910034,0.3830068111419678
kinetics_mini,train/bowling/-ID7HUQnT5g_000010_000020,corrected,0.8,12,2.2021026611328125,0.29511454701423645
kinetics_mini,train/bowling/-ID7HUQnT5g_000010_000020,corrected,0.8,16,2.0710086822509766,0.29523757100105286
kinetics_mini,train/bowling/-ID7HUQnT5g_000010_000020,corrected,0.8,24,2.1187143325805664,0.3012421429157257
kinetics_mini,train/bowling/-ID7HUQnT5g_000010_000020,corrected,0.8,32,2.1807122230529785,0.300347238779068
kinetics_mini,train/bowling/-N4G4FQ2s3U_000169_000179,pure,0.0,2,2.4530537128448486,0.23180024325847626
kinetics_mini,train/bowling/-N4G4FQ2s3U_000169_000179,pure,0.0,4,2.3289928436279297,0.23027491569519043
kinetics_mini,train/bowling/-N4G4FQ2s3U_000169_000179,pure,0.0,6,2.2875568866729736,0.2280666083097458
kinetics_mini,train/bowling/-N4G4FQ2s3U_000169_000179,pure,0.0,8,2.2570595741271973,0.22570155560970306
kinetics_mini,train/bowling/-N4G4FQ2s3U_000169_000179,pure,0.0,12,2.3297438621520996,0.23038415610790253
kinetics_mini,train/bowling/-N4G4FQ2s3U_000169_000179,pure,0.0,16,2.011486291885376,0.22816939651966095
kinetics_mini,train/bowling/-N4G4FQ2s3U_000169_000179,pure,0.0,24,1.9673457145690918,0.22568845748901367
kinetics_mini,train/bowling/-N4G4FQ2s3U_000169_000179,pure,0.0,32,1.86429762840271,0.2249959409236908
kinetics_mini,train/bowling/-N4G4FQ2s3U_000169_000179,pure,0.05,2,2.4528963565826416,0.23179107904434204
kinetics_mini,train/bowling/-N4G4FQ2s3U_000169_000179,pure,0.05,4,2.329092025756836,0.2302549183368683
kinetics_mini,train/bowling/-N4G4FQ2s3U_000169_000179,pure,0.05,6,2.2873854637145996,0.2280546873807907
kinetics_mini,train/bowling/-N4G4FQ2s3U_000169_000179,pure,0.05,8,2.256744384765625,0.22568881511688232
kinetics_mini,train/bowling/-N4G4FQ2s3U_000169_000179,pure,0.05,12,2.329535484313965,0.23038803040981293
kinetics_mini,train/bowling/-N4G4FQ2s3U_000169_000179,pure,0.05,16,2.011248826980591,0.22815772891044617
kinetics_mini,train/bowling/-N4G4FQ2s3U_000169_000179,pure,0.05,24,1.9670177698135376,0.2256794571876526
kinetics_mini,train/bowling/-N4G4FQ2s3U_000169_000179,pure,0.05,32,1.8637957572937012,0.22499586641788483
kinetics_mini,train/bowling/-N4G4FQ2s3U_000169_000179,pure,0.1,2,2.4535129070281982,0.23186087608337402
kinetics_mini,train/bowling/-N4G4FQ2s3U_000169_000179,pure,0.1,4,2.329725980758667,0.23034608364105225
kinetics_mini,train/bowling/-N4G4FQ2s3U_000169_000179,pure,0.1,6,2.2885637283325195,0.2281114161014557
kinetics_mini,train/bowling/-N4G4FQ2s3U_000169_000179,pure,0.1,8,2.2579855918884277,0.22574202716350555
kinetics_mini,train/bowling/-N4G4FQ2s3U_000169_000179,pure,0.1,12,2.329869031906128,0.2304278463125229
kinetics_mini,train/bowling/-N4G4FQ2s3U_000169_000179,pure,0.1,16,2.0129547119140625,0.2282167673110962
kinetics_mini,train/bowling/-N4G4FQ2s3U_000169_000179,pure,0.1,24,1.968688726425171,0.2257331758737564
kinetics_mini,train/bowling/-N4G4FQ2s3U_000169_000179,pure,0.1,32,1.8656455278396606,0.22501341998577118
kinetics_mini,train/bowling/-N4G4FQ2s3U_000169_000179,pure,0.2,2,2.451572895050049,0.23171651363372803
kinetics_mini,train/bowling/-N4G4FQ2s3U_000169_000179,pure,0.2,4,2.3286943435668945,0.23024334013462067
kinetics_mini,train/bowling/-N4G4FQ2s3U_000169_000179,pure,0.2,6,2.288491725921631,0.22807519137859344
kinetics_mini,train/bowling/-N4G4FQ2s3U_000169_000179,pure,0.2,8,2.2573304176330566,0.22571495175361633
kinetics_mini,train/bowling/-N4G4FQ2s3U_000169_000179,pure,0.2,12,2.3295936584472656,0.2303503006696701
kinetics_mini,train/bowling/-N4G4FQ2s3U_000169_000179,pure,0.2,16,2.011946201324463,0.22815580666065216
kinetics_mini,train/bowling/-N4G4FQ2s3U_000169_000179,pure,0.2,24,1.967284917831421,0.2256828397512436
kinetics_mini,train/bowling/-N4G4FQ2s3U_000169_000179,pure,0.2,32,1.8647552728652954,0.22504831850528717
kinetics_mini,train/bowling/-N4G4FQ2s3U_000169_000179,pure,0.4,2,2.4512033462524414,0.23203803598880768
kinetics_mini,train/bowling/-N4G4FQ2s3U_000169_000179,pure,0.4,4,2.330336570739746,0.2304067611694336
kinetics_mini,train/bowling/-N4G4FQ2s3U_000169_000179,pure,0.4,6,2.2901854515075684,0.22815173864364624
kinetics_mini,train/bowling/-N4G4FQ2s3U_000169_000179,pure,0.4,8,2.2603886127471924,0.22579911351203918
kinetics_mini,train/bowling/-N4G4FQ2s3U_000169_000179,pure,0.4,12,2.3285560607910156,0.23053540289402008
kinetics_mini,train/bowling/-N4G4FQ2s3U_000169_000179,pure,0.4,16,2.0084328651428223,0.22823961079120636
kinetics_mini,train/bowling/-N4G4FQ2s3U_000169_000179,pure,0.4,24,1.9641982316970825,0.22572501003742218
kinetics_mini,train/bowling/-N4G4FQ2s3U_000169_000179,pure,0.4,32,1.8630084991455078,0.2250133901834488
kinetics_mini,train/bowling/-N4G4FQ2s3U_000169_000179,pure,0.8,2,2.4372873306274414,0.2325444519519806
kinetics_mini,train/bowling/-N4G4FQ2s3U_000169_000179,pure,0.8,4,2.320347785949707,0.23072543740272522
kinetics_mini,train/bowling/-N4G4FQ2s3U_000169_000179,pure,0.8,6,2.292860269546509,0.2284558266401291
kinetics_mini,train/bowling/-N4G4FQ2s3U_000169_000179,pure,0.8,8,2.259270668029785,0.2260684221982956
kinetics_mini,train/bowling/-N4G4FQ2s3U_000169_000179,pure,0.8,12,2.311845302581787,0.23084737360477448
kinetics_mini,train/bowling/-N4G4FQ2s3U_000169_000179,pure,0.8,16,1.9956226348876953,0.22848333418369293
kinetics_mini,train/bowling/-N4G4FQ2s3U_000169_000179,pure,0.8,24,1.9566857814788818,0.22585664689540863
kinetics_mini,train/bowling/-N4G4FQ2s3U_000169_000179,pure,0.8,32,1.8590909242630005,0.22536833584308624
kinetics_mini,train/bowling/-N4G4FQ2s3U_000169_000179,corrected,0.0,2,2.4068377017974854,0.21952171623706818
kinetics_mini,train/bowling/-N4G4FQ2s3U_000169_000179,corrected,0.0,4,2.3392837047576904,0.2205222249031067
kinetics_mini,train/bowling/-N4G4FQ2s3U_000169_000179,corrected,0.0,6,2.3151731491088867,0.22036641836166382
kinetics_mini,train/bowling/-N4G4FQ2s3U_000169_000179,corrected,0.0,8,2.303593397140503,0.2180018573999405
kinetics_mini,train/bowling/-N4G4FQ2s3U_000169_000179,corrected,0.0,12,2.310119390487671,0.2182227522134781
kinetics_mini,train/bowling/-N4G4FQ2s3U_000169_000179,corrected,0.0,16,2.093109607696533,0.22085173428058624
kinetics_mini,train/bowling/-N4G4FQ2s3U_000169_000179,corrected,0.0,24,2.0039474964141846,0.21835684776306152
kinetics_mini,train/bowling/-N4G4FQ2s3U_000169_000179,corrected,0.0,32,1.9570988416671753,0.21890276670455933
kinetics_mini,train/bowling/-N4G4FQ2s3U_000169_000179,corrected,0.05,2,2.4047367572784424,0.21942144632339478
kinetics_mini,train/bowling/-N4G4FQ2s3U_000169_000179,corrected,0.05,4,2.3368868827819824,0.2204359620809555
kinetics_mini,train/bowling/-N4G4FQ2s3U_000169_000179,corrected,0.05,6,2.313929319381714,0.22030335664749146
kinetics_mini,train/bowling/-N4G4FQ2s3U_000169_000179,corrected,0.05,8,2.3026342391967773,0.2179698646068573
kinetics_mini,train/bowling/-N4G4FQ2s3U_000169_000179,corrected,0.05,12,2.3089706897735596,0.21813170611858368
kinetics_mini,train/bowling/-N4G4FQ2s3U_000169_000179,corrected,0.05,16,2.0915589332580566,0.22079427540302277
kinetics_mini,train/bowling/-N4G4FQ2s3U_000169_000179,corrected,0.05,24,2.001288414001465,0.21834807097911835
kinetics_mini,train/bowling/-N4G4FQ2s3U_000169_000179,corrected,0.05,32,1.9555795192718506,0.21890486776828766
kinetics_mini,train/bowling/-N4G4FQ2s3U_000169_000179,corrected,0.1,2,2.410020351409912,0.21993650496006012
kinetics_mini,train/bowling/-N4G4FQ2s3U_000169_000179,corrected,0.1,4,2.341658353805542,0.22081729769706726
kinetics_mini,train/bowling/-N4G4FQ2s3U_000169_000179,corrected,0.1,6,2.318826198577881,0.2206345647573471
kinetics_mini,train/bowling/-N4G4FQ2s3U_000169_000179,corrected,0.1,8,2.3087151050567627,0.21825361251831055
kinetics_mini,train/bowling/-N4G4FQ2s3U_000169_000179,corrected,0.1,12,2.3142499923706055,0.2185543179512024
kinetics_mini,train/bowling/-N4G4FQ2s3U_000169_000179,corrected,0.1,16,2.0943377017974854,0.2211301177740097
kinetics_mini,train/bowling/-N4G4FQ2s3U_000169_000179,corrected,0.1,24,2.0062055587768555,0.21858608722686768
kinetics_mini,train/bowling/-N4G4FQ2s3U_000169_000179,corrected,0.1,32,1.959310531616211,0.21917974948883057
kinetics_mini,train/bowling/-N4G4FQ2s3U_000169_000179,corrected,0.2,2,2.411600351333618,0.22010450065135956
kinetics_mini,train/bowling/-N4G4FQ2s3U_000169_000179,corrected,0.2,4,2.3384547233581543,0.2210162878036499
kinetics_mini,train/bowling/-N4G4FQ2s3U_000169_000179,corrected,0.2,6,2.3185548782348633,0.2207910418510437
kinetics_mini,train/bowling/-N4G4FQ2s3U_000169_000179,corrected,0.2,8,2.307877540588379,0.21834124624729156
kinetics_mini,train/bowling/-N4G4FQ2s3U_000169_000179,corrected,0.2,12,2.3140645027160645,0.2185996025800705
kinetics_mini,train/bowling/-N4G4FQ2s3U_000169_000179,corrected,0.2,16,2.0894927978515625,0.22129185497760773
kinetics_mini,train/bowling/-N4G4FQ2s3U_000169_000179,corrected,0.2,24,2.002436399459839,0.21872887015342712
kinetics_mini,train/bowling/-N4G4FQ2s3U_000169_000179,corrected,0.2,32,1.9575062990188599,0.21939633786678314
kinetics_mini,train/bowling/-N4G4FQ2s3U_000169_000179,corrected,0.4,2,2.4034595489501953,0.22021043300628662
kinetics_mini,train/bowling/-N4G4FQ2s3U_000169_000179,corrected,0.4,4,2.3351197242736816,0.22085346281528473
kinetics_mini,train/bowling/-N4G4FQ2s3U_000169_000179,corrected,0.4,6,2.322518825531006,0.2204718142747879
kinetics_mini,train/bowling/-N4G4FQ2s3U_000169_000179,corrected,0.4,8,2.315471887588501,0.21802091598510742
kinetics_mini,train/bowling/-N4G4FQ2s3U_000169_000179,corrected,0.4,12,2.3109841346740723,0.21843822300434113
kinetics_mini,train/bowling/-N4G4FQ2s3U_000169_000179,corrected,0.4,16,2.083263874053955,0.22083495557308197
kinetics_mini,train/bowling/-N4G4FQ2s3U_000169_000179,corrected,0.4,24,1.9951426982879639,0.21820998191833496
kinetics_mini,train/bowling/-N4G4FQ2s3U_000169_000179,corrected,0.4,32,1.9631493091583252,0.21885737776756287
kinetics_mini,train/bowling/-N4G4FQ2s3U_000169_000179,corrected,0.8,2,2.396191120147705,0.21895401179790497
kinetics_mini,train/bowling/-N4G4FQ2s3U_000169_000179,corrected,0.8,4,2.3213438987731934,0.22067023813724518
kinetics_mini,train/bowling/-N4G4FQ2s3U_000169_000179,corrected,0.8,6,2.308309555053711,0.22067797183990479
kinetics_mini,train/bowling/-N4G4FQ2s3U_000169_000179,corrected,0.8,8,2.3080973625183105,0.21850915253162384
kinetics_mini,train/bowling/-N4G4FQ2s3U_000169_000179,corrected,0.8,12,2.331577777862549,0.21783208847045898
kinetics_mini,train/bowling/-N4G4FQ2s3U_000169_000179,corrected,0.8,16,2.0933196544647217,0.22050580382347107
kinetics_mini,train/bowling/-N4G4FQ2s3U_000169_000179,corrected,0.8,24,2.0060954093933105,0.21822486817836761
kinetics_mini,train/bowling/-N4G4FQ2s3U_000169_000179,corrected,0.8,32,1.9599497318267822,0.21876777708530426
kinetics_mini,train/bowling/-VMdyhBgByw_000014_000024,pure,0.0,2,2.492760419845581,0.20366308093070984
kinetics_mini,train/bowling/-VMdyhBgByw_000014_000024,pure,0.0,4,2.4736905097961426,0.20348969101905823
kinetics_mini,train/bowling/-VMdyhBgByw_000014_000024,pure,0.0,6,2.4003913402557373,0.20357663929462433
kinetics_mini,train/bowling/-VMdyhBgByw_000014_000024,pure,0.0,8,2.3788301944732666,0.2050357460975647
kinetics_mini,train/bowling/-VMdyhBgByw_000014_000024,pure,0.0,12,2.410979986190796,0.20732085406780243
kinetics_mini,train/bowling/-VMdyhBgByw_000014_000024,pure,0.0,16,2.167231321334839,0.2096358984708786
kinetics_mini,train/bowling/-VMdyhBgByw_000014_000024,pure,0.0,24,2.1542859077453613,0.20463447272777557
kinetics_mini,train/bowling/-VMdyhBgByw_000014_000024,pure,0.0,32,2.027562141418457,0.21656298637390137
kinetics_mini,train/bowling/-VMdyhBgByw_000014_000024,pure,0.05,2,2.49318790435791,0.20365677773952484
kinetics_mini,train/bowling/-VMdyhBgByw_000014_000024,pure,0.05,4,2.4738290309906006,0.20348608493804932
kinetics_mini,train/bowling/-VMdyhBgByw_000014_000024,pure,0.05,6,2.4003052711486816,0.20357941091060638
kinetics_mini,train/bowling/-VMdyhBgByw_000014_000024,pure,0.05,8,2.378718852996826,0.20503661036491394
kinetics_mini,train/bowling/-VMdyhBgByw_000014_000024,pure,0.05,12,2.4112932682037354,0.207322895526886
kinetics_mini,train/bowling/-VMdyhBgByw_000014_000024,pure,0.05,16,2.167084217071533,0.2096347063779831
kinetics_mini,train/bowling/-VMdyhBgByw_000014_000024,pure,0.05,24,2.154013156890869,0.20463873445987701
kinetics_mini,train/bowling/-VMdyhBgByw_000014_000024,pure,0.05,32,2.0273845195770264,0.21656419336795807
kinetics_mini,train/bowling/-VMdyhBgByw_000014_000024,pure,0.1,2,2.49271559715271,0.20365038514137268
kinetics_mini,train/bowling/-VMdyhBgByw_000014_000024,pure,0.1,4,2.474544048309326,0.2035187929868698
kinetics_mini,train/bowling/-VMdyhBgByw_000014_000024,pure,0.1,6,2.4003536701202393,0.2036026567220688
kinetics_mini,train/bowling/-VMdyhBgByw_000014_000024,pure,0.1,8,2.3787310123443604,0.20505845546722412
kinetics_mini,train/bowling/-VMdyhBgByw_000014_000024,pure,0.1,12,2.4109272956848145,0.2073073834180832
kinetics_mini,train/bowling/-VMdyhBgByw_000014_000024,pure,0.1,16,2.1675240993499756,0.20966291427612305
kinetics_mini,train/bowling/-VMdyhBgByw_000014_000024,pure,0.1,24,2.154175043106079,0.204656720161438
kinetics_mini,train/bowling/-VMdyhBgByw_000014_000024,pure,0.1,32,2.0271403789520264,0.21658341586589813
kinetics_mini,train/bowling/-VMdyhBgByw_000014_000024,pure,0.2,2,2.493412494659424,0.2036038637161255
kinetics_mini,train/bowling/-VMdyhBgByw_000014_000024,pure,0.2,4,2.474485397338867,0.20350754261016846
kinetics_mini,train/bowling/-VMdyhBgByw_000014_000024,pure,0.2,6,2.401681900024414,0.20358075201511383
kinetics_mini,train/bowling/-VMdyhBgByw_000014_000024,pure,0.2,8,2.3791375160217285,0.20504286885261536
kinetics_mini,train/bowling/-VMdyhBgByw_000014_000024,pure,0.2,12,2.412121295928955,0.20728282630443573
kinetics_mini,train/bowling/-VMdyhBgByw_000014_000024,pure,0.2,16,2.167832851409912,0.2096458226442337
kinetics_mini,train/bowling/-VMdyhBgByw_000014_000024,pure,0.2,24,2.1552960872650146,0.20467860996723175
kinetics_mini,train/bowling/-VMdyhBgByw_000014_000024,pure,0.2,32,2.0269830226898193,0.2165832817554474
kinetics_mini,train/bowling/-VMdyhBgByw_000014_000024,pure,0.4,2,2.4921798706054688,0.2038906216621399
kinetics_mini,train/bowling/-VMdyhBgByw_000014_000024,pure,0.4,4,2.472747802734375,0.2036052793264389
kinetics_mini,train/bowling/-VMdyhBgByw_000014_000024,pure,0.4,6,2.4003565311431885,0.20356152951717377
kinetics_mini,train/bowling/-VMdyhBgByw_000014_000024,pure,0.4,8,2.3778538703918457,0.20500271022319794
kinetics_mini,train/bowling/-VMdyhBgByw_000014_000024,pure,0.4,12,2.4103431701660156,0.20752649009227753
kinetics_mini,train/bowling/-VMdyhBgByw_000014_000024,pure,0.4,16,2.163705825805664,0.2096932977437973
kinetics_mini,train/bowling/-VMdyhBgByw_000014_000024,pure,0.4,24,2.1523876190185547,0.2046627253293991
kinetics_mini,train/bowling/-VMdyhBgByw_000014_000024,pure,0.4,32,2.025677442550659,0.21655921638011932
kinetics_mini,train/bowling/-VMdyhBgByw_000014_000024,pure,0.8,2,2.4930083751678467,0.2040867954492569
kinetics_mini,train/bowling/-VMdyhBgByw_000014_000024,pure,0.8,4,2.4693596363067627,0.20392438769340515
kinetics_mini,train/bowling/-VMdyhBgByw_000014_000024,pure,0.8,6,2.402742385864258,0.2038872092962265
kinetics_mini,train/bowling/-VMdyhBgByw_000014_000024,pure,0.8,8,2.378502130508423,0.20539352297782898
kinetics_mini,train/bowling/-VMdyhBgByw_000014_000024,pure,0.8,12,2.408846378326416,0.20781585574150085
kinetics_mini,train/bowling/-VMdyhBgByw_000014_000024,pure,0.8,16,2.160909414291382,0.20999567210674286
kinetics_mini,train/bowling/-VMdyhBgByw_000014_000024,pure,0.8,24,2.1488475799560547,0.20489557087421417
kinetics_mini,train/bowling/-VMdyhBgByw_000014_000024,pure,0.8,32,2.024043083190918,0.21682919561862946
kinetics_mini,train/bowling/-VMdyhBgByw_000014_000024,corrected,0.0,2,2.382866382598877,0.20257781445980072
kinetics_mini,train/bowling/-VMdyhBgByw_000014_000024,corrected,0.0,4,2.388861894607544,0.20171888172626495
kinetics_mini,train/bowling/-VMdyhBgByw_000014_000024,corrected,0.0,6,2.3823635578155518,0.20194527506828308
kinetics_mini,train/bowling/-VMdyhBgByw_000014_000024,corrected,0.0,8,2.347330093383789,0.2031942903995514
kinetics_mini,train/bowling/-VMdyhBgByw_000014_000024,corrected,0.0,12,2.3144187927246094,0.20574955642223358
kinetics_mini,train/bowling/-VMdyhBgByw_000014_000024,corrected,0.0,16,2.1127004623413086,0.20765209197998047
kinetics_mini,train/bowling/-VMdyhBgByw_000014_000024,corrected,0.0,24,2.022620916366577,0.20326176285743713
kinetics_mini,train/bowling/-VMdyhBgByw_000014_000024,corrected,0.0,32,1.9580165147781372,0.21380716562271118
kinetics_mini,train/bowling/-VMdyhBgByw_000014_000024,corrected,0.05,2,2.3824734687805176,0.20261044800281525
kinetics_mini,train/bowling/-VMdyhBgByw_000014_000024,corrected,0.05,4,2.3887758255004883,0.20168915390968323
kinetics_mini,train/bowling/-VMdyhBgByw_000014_000024,corrected,0.05,6,2.381676197052002,0.20191989839076996
kinetics_mini,train/bowling/-VMdyhBgByw_000014_000024,corrected,0.05,8,2.3468194007873535,0.20315325260162354
kinetics_mini,train/bowling/-VMdyhBgByw_000014_000024,corrected,0.05,12,2.315239667892456,0.20573167502880096
kinetics_mini,train/bowling/-VMdyhBgByw_000014_000024,corrected,0.05,16,2.1143674850463867,0.20761027932167053
kinetics_mini,train/bowling/-VMdyhBgByw_000014_000024,corrected,0.05,24,2.023162364959717,0.20322714745998383
kinetics_mini,train/bowling/-VMdyhBgByw_000014_000024,corrected,0.05,32,1.960094928741455,0.2138478308916092
kinetics_mini,train/bowling/-VMdyhBgByw_000014_000024,corrected,0.1,2,2.384195327758789,0.20271183550357819
kinetics_mini,train/bowling/-VMdyhBgByw_000014_000024,corrected,0.1,4,2.389953851699829,0.20185105502605438
kinetics_mini,train/bowling/-VMdyhBgByw_000014_000024,corrected,0.1,6,2.383509635925293,0.20201967656612396
kinetics_mini,train/bowling/-VMdyhBgByw_000014_000024,corrected,0.1,8,2.3492791652679443,0.20328116416931152
kinetics_mini,train/bowling/-VMdyhBgByw_000014_000024,corrected,0.1,12,2.3171682357788086,0.20589715242385864
kinetics_mini,train/bowling/-VMdyhBgByw_000014_000024,corrected,0.1,16,2.1164824962615967,0.2078360915184021
kinetics_mini,train/bowling/-VMdyhBgByw_000014_000024,corrected,0.1,24,2.0235860347747803,0.20343728363513947
kinetics_mini,train/bowling/-VMdyhBgByw_000014_000024,corrected,0.1,32,1.9591306447982788,0.21395741403102875
kinetics_mini,train/bowling/-VMdyhBgByw_000014_000024,corrected,0.2,2,2.387272596359253,0.20286791026592255
kinetics_mini,train/bowling/-VMdyhBgByw_000014_000024,corrected,0.2,4,2.3859517574310303,0.2020695060491562
kinetics_mini,train/bowling/-VMdyhBgByw_000014_000024,corrected,0.2,6,2.3817198276519775,0.20227690041065216
kinetics_mini,train/bowling/-VMdyhBgByw_000014_000024,corrected,0.2,8,2.347290515899658,0.20354488492012024
kinetics_mini,train/bowling/-VMdyhBgByw_000014_000024,corrected,0.2,12,2.3192176818847656,0.206124410033226
kinetics_mini,train/bowling/-VMdyhBgByw_000014_000024,corrected,0.2,16,2.118130922317505,0.2080945074558258
kinetics_mini,train/bowling/-VMdyhBgByw_000014_000024,corrected,0.2,24,2.024439573287964,0.20353811979293823
kinetics_mini,train/bowling/-VMdyhBgByw_000014_000024,corrected,0.2,32,1.9565672874450684,0.214025616645813
kinetics_mini,train/bowling/-VMdyhBgByw_000014_000024,corrected,0.4,2,2.3797597885131836,0.20309804379940033
kinetics_mini,train/bowling/-VMdyhBgByw_000014_000024,corrected,0.4,4,2.3890604972839355,0.20178444683551788
kinetics_mini,train/bowling/-VMdyhBgByw_000014_000024,corrected,0.4,6,2.3869662284851074,0.20167949795722961
kinetics_mini,train/bowling/-VMdyhBgByw_000014_000024,corrected,0.4,8,2.352170944213867,0.20292675495147705
kinetics_mini,train/bowling/-VMdyhBgByw_000014_000024,corrected,0.4,12,2.322239637374878,0.20592156052589417
kinetics_mini,train/bowling/-VMdyhBgByw_000014_000024,corrected,0.4,16,2.1156136989593506,0.2074604630470276
kinetics_mini,train/bowling/-VMdyhBgByw_000014_000024,corrected,0.4,24,2.0295214653015137,0.20310404896736145
kinetics_mini,train/bowling/-VMdyhBgByw_000014_000024,corrected,0.4,32,1.957977294921875,0.21391205489635468
kinetics_mini,train/bowling/-VMdyhBgByw_000014_000024,corrected,0.8,2,2.3733949661254883,0.2022368311882019
kinetics_mini,train/bowling/-VMdyhBgByw_000014_000024,corrected,0.8,4,2.38602876663208,0.201371967792511
kinetics_mini,train/bowling/-VMdyhBgByw_000014_000024,corrected,0.8,6,2.3825478553771973,0.20146149396896362
kinetics_mini,train/bowling/-VMdyhBgByw_000014_000024,corrected,0.8,8,2.3533074855804443,0.20343688130378723
kinetics_mini,train/bowling/-VMdyhBgByw_000014_000024,corrected,0.8,12,2.3239474296569824,0.20603685081005096
kinetics_mini,train/bowling/-VMdyhBgByw_000014_000024,corrected,0.8,16,2.1253600120544434,0.20659518241882324
kinetics_mini,train/bowling/-VMdyhBgByw_000014_000024,corrected,0.8,24,2.0394675731658936,0.2035369724035263
kinetics_mini,train/bowling/-VMdyhBgByw_000014_000024,corrected,0.8,32,1.9587221145629883,0.21394701302051544
kinetics_mini,train/bowling/-W06q2S-RG0_000251_000261,pure,0.0,2,2.169776201248169,0.22612395882606506
kinetics_mini,train/bowling/-W06q2S-RG0_000251_000261,pure,0.0,4,2.1032724380493164,0.22331012785434723
kinetics_mini,train/bowling/-W06q2S-RG0_000251_000261,pure,0.0,6,2.088125705718994,0.22214888036251068
kinetics_mini,train/bowling/-W06q2S-RG0_000251_000261,pure,0.0,8,2.0766143798828125,0.2149723917245865
kinetics_mini,train/bowling/-W06q2S-RG0_000251_000261,pure,0.0,12,2.1120715141296387,0.2199409157037735
kinetics_mini,train/bowling/-W06q2S-RG0_000251_000261,pure,0.0,16,2.040519952774048,0.21836043894290924
kinetics_mini,train/bowling/-W06q2S-RG0_000251_000261,pure,0.0,24,2.072690963745117,0.21994365751743317
kinetics_mini,train/bowling/-W06q2S-RG0_000251_000261,pure,0.0,32,2.0204567909240723,0.22316761314868927
kinetics_mini,train/bowling/-W06q2S-RG0_000251_000261,pure,0.05,2,2.1696977615356445,0.22607776522636414
kinetics_mini,train/bowling/-W06q2S-RG0_000251_000261,pure,0.05,4,2.1031694412231445,0.22330118715763092
kinetics_mini,train/bowling/-W06q2S-RG0_000251_000261,pure,0.05,6,2.088067054748535,0.22213369607925415
kinetics_mini,train/bowling/-W06q2S-RG0_000251_000261,pure,0.05,8,2.0765604972839355,0.21495957672595978
kinetics_mini,train/bowling/-W06q2S-RG0_000251_000261,pure,0.05,12,2.1119232177734375,0.2199196219444275
kinetics_mini,train/bowling/-W06q2S-RG0_000251_000261,pure,0.05,16,2.040266275405884,0.21834683418273926
kinetics_mini,train/bowling/-W06q2S-RG0_000251_000261,pure,0.05,24,2.072509288787842,0.21993112564086914
kinetics_mini,train/bowling/-W06q2S-RG0_000251_000261,pure,0.05,32,2.020329713821411,0.2231559008359909
kinetics_mini,train/bowling/-W06q2S-RG0_000251_000261,pure,0.1,2,2.1702535152435303,0.22613994777202606
kinetics_mini,train/bowling/-W06q2S-RG0_000251_000261,pure,0.1,4,2.103565216064453,0.22336804866790771
kinetics_mini,train/bowling/-W06q2S-RG0_000251_000261,pure,0.1,6,2.0884125232696533,0.222211092710495
kinetics_mini,train/bowling/-W06q2S-RG0_000251_000261,pure,0.1,8,2.0767741203308105,0.21503907442092896
kinetics_mini,train/bowling/-W06q2S-RG0_000251_000261,pure,0.1,12,2.112156867980957,0.2199680656194687
kinetics_mini,train/bowling/-W06q2S-RG0_000251_000261,pure,0.1,16,2.0411605834960938,0.21841640770435333
kinetics_mini,train/bowling/-W06q2S-RG0_000251_000261,pure,0.1,24,2.0727882385253906,0.21999210119247437
kinetics_mini,train/bowling/-W06q2S-RG0_000251_000261,pure,0.1,32,2.020730495452881,0.2232162207365036
kinetics_mini,train/bowling/-W06q2S-RG0_000251_000261,pure,0.2,2,2.168651580810547,0.2260473221540451
kinetics_mini,train/bowling/-W06q2S-RG0_000251_000261,pure,0.2,4,2.1028289794921875,0.22329318523406982
kinetics_mini,train/bowling/-W06q2S-RG0_000251_000261,pure,0.2,6,2.0877041816711426,0.22212500870227814
kinetics_mini,train/bowling/-W06q2S-RG0_000251_000261,pure,0.2,8,2.0760397911071777,0.2149469256401062
kinetics_mini,train/bowling/-W06q2S-RG0_000251_000261,pure,0.2,12,2.111631155014038,0.2199101597070694
kinetics_mini,train/bowling/-W06q2S-RG0_000251_000261,pure,0.2,16,2.0398313999176025,0.21834319829940796
kinetics_mini,train/bowling/-W06q2S-RG0_000251_000261,pure,0.2,24,2.071870803833008,0.21991713345050812
kinetics_mini,train/bowling/-W06q2S-RG0_000251_000261,pure,0.2,32,2.020232677459717,0.22319114208221436
kinetics_mini,train/bowling/-W06q2S-RG0_000251_000261,pure,0.4,2,2.167843818664551,0.2261739820241928
kinetics_mini,train/bowling/-W06q2S-RG0_000251_000261,pure,0.4,4,2.1022212505340576,0.22326162457466125
kinetics_mini,train/bowling/-W06q2S-RG0_000251_000261,pure,0.4,6,2.0898494720458984,0.22222915291786194
kinetics_mini,train/bowling/-W06q2S-RG0_000251_000261,pure,0.4,8,2.07828950881958,0.21506205201148987
kinetics_mini,train/bowling/-W06q2S-RG0_000251_000261,pure,0.4,12,2.111396074295044,0.21987494826316833
kinetics_mini,train/bowling/-W06q2S-RG0_000251_000261,pure,0.4,16,2.041097402572632,0.21831850707530975
kinetics_mini,train/bowling/-W06q2S-RG0_000251_000261,pure,0.4,24,2.0739731788635254,0.2199087291955948
kinetics_mini,train/bowling/-W06q2S-RG0_000251_000261,pure,0.4,32,2.021117687225342,0.22323575615882874
kinetics_mini,train/bowling/-W06q2S-RG0_000251_000261,pure,0.8,2,2.1689207553863525,0.22660799324512482
kinetics_mini,train/bowling/-W06q2S-RG0_000251_000261,pure,0.8,4,2.1002135276794434,0.2235075980424881
kinetics_mini,train/bowling/-W06q2S-RG0_000251_000261,pure,0.8,6,2.088893413543701,0.22246891260147095
kinetics_mini,train/bowling/-W06q2S-RG0_000251_000261,pure,0.8,8,2.077176570892334,0.2153935581445694
kinetics_mini,train/bowling/-W06q2S-RG0_000251_000261,pure,0.8,12,2.1064910888671875,0.22017458081245422
kinetics_mini,train/bowling/-W06q2S-RG0_000251_000261,pure,0.8,16,2.0386245250701904,0.21858398616313934
kinetics_mini,train/bowling/-W06q2S-RG0_000251_000261,pure,0.8,24,2.071345090866089,0.2201826125383377
kinetics_mini,train/bowling/-W06q2S-RG0_000251_000261,pure,0.8,32,2.0199625492095947,0.22380952537059784
kinetics_mini,train/bowling/-W06q2S-RG0_000251_000261,corrected,0.0,2,2.2926061153411865,0.20770858228206635
kinetics_mini,train/bowling/-W06q2S-RG0_000251_000261,corrected,0.0,4,2.2705323696136475,0.20446422696113586
kinetics_mini,train/bowling/-W06q2S-RG0_000251_000261,corrected,0.0,6,2.2510619163513184,0.20382434129714966
kinetics_mini,train/bowling/-W06q2S-RG0_000251_000261,corrected,0.0,8,2.2108266353607178,0.19726701080799103
kinetics_mini,train/bowling/-W06q2S-RG0_000251_000261,corrected,0.0,12,2.2439541816711426,0.20135097205638885
kinetics_mini,train/bowling/-W06q2S-RG0_000251_000261,corrected,0.0,16,2.1500935554504395,0.20156919956207275
kinetics_mini,train/bowling/-W06q2S-RG0_000251_000261,corrected,0.0,24,2.2299070358276367,0.2027663141489029
kinetics_mini,train/bowling/-W06q2S-RG0_000251_000261,corrected,0.0,32,2.2440857887268066,0.1997394561767578
kinetics_mini,train/bowling/-W06q2S-RG0_000251_000261,corrected,0.05,2,2.292487382888794,0.20786799490451813
kinetics_mini,train/bowling/-W06q2S-RG0_000251_000261,corrected,0.05,4,2.2700436115264893,0.2045847773551941
kinetics_mini,train/bowling/-W06q2S-RG0_000251_000261,corrected,0.05,6,2.2501704692840576,0.20392675697803497
kinetics_mini,train/bowling/-W06q2S-RG0_000251_000261,corrected,0.05,8,2.2102181911468506,0.19734728336334229
kinetics_mini,train/bowling/-W06q2S-RG0_000251_000261,corrected,0.05,12,2.243027925491333,0.201509490609169
kinetics_mini,train/bowling/-W06q2S-RG0_000251_000261,corrected,0.05,16,2.149580240249634,0.20164445042610168
kinetics_mini,train/bowling/-W06q2S-RG0_000251_000261,corrected,0.05,24,2.2295291423797607,0.20289747416973114
kinetics_mini,train/bowling/-W06q2S-RG0_000251_000261,corrected,0.05,32,2.243933916091919,0.1998327076435089
kinetics_mini,train/bowling/-W06q2S-RG0_000251_000261,corrected,0.1,2,2.290940761566162,0.20782282948493958
kinetics_mini,train/bowling/-W06q2S-RG0_000251_000261,corrected,0.1,4,2.269680976867676,0.20463164150714874
kinetics_mini,train/bowling/-W06q2S-RG0_000251_000261,corrected,0.1,6,2.2498931884765625,0.20401495695114136
kinetics_mini,train/bowling/-W06q2S-RG0_000251_000261,corrected,0.1,8,2.209930419921875,0.19745251536369324
kinetics_mini,train/bowling/-W06q2S-RG0_000251_000261,corrected,0.1,12,2.2432358264923096,0.20152850449085236
kinetics_mini,train/bowling/-W06q2S-RG0_000251_000261,corrected,0.1,16,2.152618885040283,0.2016272246837616
kinetics_mini,train/bowling/-W06q2S-RG0_000251_000261,corrected,0.1,24,2.230497360229492,0.2028520256280899
kinetics_mini,train/bowling/-W06q2S-RG0_000251_000261,corrected,0.1,32,2.2442173957824707,0.19999101758003235
kinetics_mini,train/bowling/-W06q2S-RG0_000251_000261,corrected,0.2,2,2.3006720542907715,0.20707157254219055
kinetics_mini,train/bowling/-W06q2S-RG0_000251_000261,corrected,0.2,4,2.269737720489502,0.20424066483974457
kinetics_mini,train/bowling/-W06q2S-RG0_000251_000261,corrected,0.2,6,2.250135660171509,0.2037040889263153
kinetics_mini,train/bowling/-W06q2S-RG0_000251_000261,corrected,0.2,8,2.2104227542877197,0.19733652472496033
kinetics_mini,train/bowling/-W06q2S-RG0_000251_000261,corrected,0.2,12,2.247347354888916,0.20070287585258484
kinetics_mini,train/bowling/-W06q2S-RG0_000251_000261,corrected,0.2,16,2.150832176208496,0.2013130486011505
kinetics_mini,train/bowling/-W06q2S-RG0_000251_000261,corrected,0.2,24,2.228743076324463,0.20248377323150635
kinetics_mini,train/bowling/-W06q2S-RG0_000251_000261,corrected,0.2,32,2.243544101715088,0.1999857872724533
kinetics_mini,train/bowling/-W06q2S-RG0_000251_000261,corrected,0.4,2,2.3002309799194336,0.2077072262763977
kinetics_mini,train/bowling/-W06q2S-RG0_000251_000261,corrected,0.4,4,2.2662765979766846,0.2045457512140274
kinetics_mini,train/bowling/-W06q2S-RG0_000251_000261,corrected,0.4,6,2.254696846008301,0.2038329392671585
kinetics_mini,train/bowling/-W06q2S-RG0_000251_000261,corrected,0.4,8,2.2173101902008057,0.19718027114868164
kinetics_mini,train/bowling/-W06q2S-RG0_000251_000261,corrected,0.4,12,2.245966672897339,0.200486958026886
kinetics_mini,train/bowling/-W06q2S-RG0_000251_000261,corrected,0.4,16,2.1432547569274902,0.2012377828359604
kinetics_mini,train/bowling/-W06q2S-RG0_000251_000261,corrected,0.4,24,2.221771478652954,0.20267049968242645
kinetics_mini,train/bowling/-W06q2S-RG0_000251_000261,corrected,0.4,32,2.240346908569336,0.20029056072235107
kinetics_mini,train/bowling/-W06q2S-RG0_000251_000261,corrected,0.8,2,2.329033374786377,0.20517341792583466
kinetics_mini,train/bowling/-W06q2S-RG0_000251_000261,corrected,0.8,4,2.292628765106201,0.20140774548053741
kinetics_mini,train/bowling/-W06q2S-RG0_000251_000261,corrected,0.8,6,2.2816805839538574,0.20067864656448364
kinetics_mini,train/bowling/-W06q2S-RG0_000251_000261,corrected,0.8,8,2.248476028442383,0.1943603754043579
kinetics_mini,train/bowling/-W06q2S-RG0_000251_000261,corrected,0.8,12,2.2712900638580322,0.19850440323352814
kinetics_mini,train/bowling/-W06q2S-RG0_000251_000261,corrected,0.8,16,2.183420181274414,0.1982756406068802
kinetics_mini,train/bowling/-W06q2S-RG0_000251_000261,corrected,0.8,24,2.263432741165161,0.20008522272109985
kinetics_mini,train/bowling/-W06q2S-RG0_000251_000261,corrected,0.8,32,2.2866201400756836,0.19559448957443237
kinetics_mini,train/bowling/-WyrUbKbzw8_000006_000016,pure,0.0,2,2.462092876434326,0.2518959641456604
kinetics_mini,train/bowling/-WyrUbKbzw8_000006_000016,pure,0.0,4,2.385972023010254,0.2498849779367447
kinetics_mini,train/bowling/-WyrUbKbzw8_000006_000016,pure,0.0,6,2.34264874458313,0.24366535246372223
kinetics_mini,train/bowling/-WyrUbKbzw8_000006_000016,pure,0.0,8,2.3269643783569336,0.24435725808143616
kinetics_mini,train/bowling/-WyrUbKbzw8_000006_000016,pure,0.0,12,2.3588619232177734,0.2465457320213318
kinetics_mini,train/bowling/-WyrUbKbzw8_000006_000016,pure,0.0,16,2.103864908218384,0.24269570410251617
kinetics_mini,train/bowling/-WyrUbKbzw8_000006_000016,pure,0.0,24,2.1550447940826416,0.252115935087204
kinetics_mini,train/bowling/-WyrUbKbzw8_000006_000016,pure,0.0,32,2.075186014175415,0.3305705785751343
kinetics_mini,train/bowling/-WyrUbKbzw8_000006_000016,pure,0.05,2,2.4622156620025635,0.2518756687641144
kinetics_mini,train/bowling/-WyrUbKbzw8_000006_000016,pure,0.05,4,2.386087417602539,0.24987800419330597
kinetics_mini,train/bowling/-WyrUbKbzw8_000006_000016,pure,0.05,6,2.3423218727111816,0.24366290867328644
kinetics_mini,train/bowling/-WyrUbKbzw8_000006_000016,pure,0.05,8,2.3268256187438965,0.24434691667556763
kinetics_mini,train/bowling/-WyrUbKbzw8_000006_000016,pure,0.05,12,2.3588953018188477,0.2465294897556305
kinetics_mini,train/bowling/-WyrUbKbzw8_000006_000016,pure,0.05,16,2.1040260791778564,0.24268600344657898
kinetics_mini,train/bowling/-WyrUbKbzw8_000006_000016,pure,0.05,24,2.1548256874084473,0.2521076202392578
kinetics_mini,train/bowling/-WyrUbKbzw8_000006_000016,pure,0.05,32,2.0750393867492676,0.33055609464645386
kinetics_mini,train/bowling/-WyrUbKbzw8_000006_000016,pure,0.1,2,2.462172746658325,0.2519548535346985
kinetics_mini,train/bowling/-WyrUbKbzw8_000006_000016,pure,0.1,4,2.3857932090759277,0.24991099536418915
kinetics_mini,train/bowling/-WyrUbKbzw8_000006_000016,pure,0.1,6,2.3424720764160156,0.2436918467283249
kinetics_mini,train/bowling/-WyrUbKbzw8_000006_000016,pure,0.1,8,2.326749563217163,0.24438762664794922
kinetics_mini,train/bowling/-WyrUbKbzw8_000006_000016,pure,0.1,12,2.3588767051696777,0.24658317863941193
kinetics_mini,train/bowling/-WyrUbKbzw8_000006_000016,pure,0.1,16,2.104558229446411,0.24271906912326813
kinetics_mini,train/bowling/-WyrUbKbzw8_000006_000016,pure,0.1,24,2.155005931854248,0.2521466314792633
kinetics_mini,train/bowling/-WyrUbKbzw8_000006_000016,pure,0.1,32,2.0757479667663574,0.330597847700119
kinetics_mini,train/bowling/-WyrUbKbzw8_000006_000016,pure,0.2,2,2.461677074432373,0.2518324553966522
kinetics_mini,train/bowling/-WyrUbKbzw8_000006_000016,pure,0.2,4,2.384136915206909,0.24990807473659515
kinetics_mini,train/bowling/-WyrUbKbzw8_000006_000016,pure,0.2,6,2.340952157974243,0.2437206357717514
kinetics_mini,train/bowling/-WyrUbKbzw8_000006_000016,pure,0.2,8,2.3244316577911377,0.24441640079021454
kinetics_mini,train/bowling/-WyrUbKbzw8_000006_000016,pure,0.2,12,2.3568239212036133,0.24652732908725739
kinetics_mini,train/bowling/-WyrUbKbzw8_000006_000016,pure,0.2,16,2.101162910461426,0.24269616603851318
kinetics_mini,train/bowling/-WyrUbKbzw8_000006_000016,pure,0.2,24,2.153252601623535,0.252166748046875
kinetics_mini,train/bowling/-WyrUbKbzw8_000006_000016,pure,0.2,32,2.0735397338867188,0.3305785059928894
kinetics_mini,train/bowling/-WyrUbKbzw8_000006_000016,pure,0.4,2,2.4616291522979736,0.25180119276046753
kinetics_mini,train/bowling/-WyrUbKbzw8_000006_000016,pure,0.4,4,2.3844308853149414,0.2497839778661728
kinetics_mini,train/bowling/-WyrUbKbzw8_000006_000016,pure,0.4,6,2.3445708751678467,0.24357286095619202
kinetics_mini,train/bowling/-WyrUbKbzw8_000006_000016,pure,0.4,8,2.326812267303467,0.2442951649427414
kinetics_mini,train/bowling/-WyrUbKbzw8_000006_000016,pure,0.4,12,2.3550057411193848,0.24643462896347046
kinetics_mini,train/bowling/-WyrUbKbzw8_000006_000016,pure,0.4,16,2.0999250411987305,0.24260284006595612
kinetics_mini,train/bowling/-WyrUbKbzw8_000006_000016,pure,0.4,24,2.1518383026123047,0.25205180048942566
kinetics_mini,train/bowling/-WyrUbKbzw8_000006_000016,pure,0.4,32,2.07305645942688,0.33057698607444763
kinetics_mini,train/bowling/-WyrUbKbzw8_000006_000016,pure,0.8,2,2.4489035606384277,0.25216221809387207
kinetics_mini,train/bowling/-WyrUbKbzw8_000006_000016,pure,0.8,4,2.3718132972717285,0.25009503960609436
kinetics_mini,train/bowling/-WyrUbKbzw8_000006_000016,pure,0.8,6,2.343094825744629,0.2438984364271164
kinetics_mini,train/bowling/-WyrUbKbzw8_000006_000016,pure,0.8,8,2.321798324584961,0.2446509450674057
kinetics_mini,train/bowling/-WyrUbKbzw8_000006_000016,pure,0.8,12,2.33724308013916,0.24693883955478668
kinetics_mini,train/bowling/-WyrUbKbzw8_000006_000016,pure,0.8,16,2.096864938735962,0.24291662871837616
kinetics_mini,train/bowling/-WyrUbKbzw8_000006_000016,pure,0.8,24,2.146878719329834,0.2522432506084442
kinetics_mini,train/bowling/-WyrUbKbzw8_000006_000016,pure,0.8,32,2.0702064037323,0.3307665288448334
kinetics_mini,train/bowling/-WyrUbKbzw8_000006_000016,corrected,0.0,2,2.427069664001465,0.24610477685928345
kinetics_mini,train/bowling/-WyrUbKbzw8_000006_000016,corrected,0.0,4,2.414182186126709,0.2448829710483551
kinetics_mini,train/bowling/-WyrUbKbzw8_000006_000016,corrected,0.0,6,2.430008888244629,0.23967930674552917
kinetics_mini,train/bowling/-WyrUbKbzw8_000006_000016,corrected,0.0,8,2.3822009563446045,0.24046462774276733
kinetics_mini,train/bowling/-WyrUbKbzw8_000006_000016,corrected,0.0,12,2.306450843811035,0.24177420139312744
kinetics_mini,train/bowling/-WyrUbKbzw8_000006_000016,corrected,0.0,16,2.1585488319396973,0.23923976719379425
kinetics_mini,train/bowling/-WyrUbKbzw8_000006_000016,corrected,0.0,24,2.1633071899414062,0.24747878313064575
kinetics_mini,train/bowling/-WyrUbKbzw8_000006_000016,corrected,0.0,32,2.174772024154663,0.319662868976593
kinetics_mini,train/bowling/-WyrUbKbzw8_000006_000016,corrected,0.05,2,2.4240949153900146,0.24607433378696442
kinetics_mini,train/bowling/-WyrUbKbzw8_000006_000016,corrected,0.05,4,2.411630868911743,0.2448319047689438
kinetics_mini,train/bowling/-WyrUbKbzw8_000006_000016,corrected,0.05,6,2.42848801612854,0.2396242618560791
kinetics_mini,train/bowling/-WyrUbKbzw8_000006_000016,corrected,0.05,8,2.380265951156616,0.24041032791137695
kinetics_mini,train/bowling/-WyrUbKbzw8_000006_000016,corrected,0.05,12,2.3039302825927734,0.24173611402511597
kinetics_mini,train/bowling/-WyrUbKbzw8_000006_000016,corrected,0.05,16,2.155313014984131,0.23918931186199188
kinetics_mini,train/bowling/-WyrUbKbzw8_000006_000016,corrected,0.05,24,2.1610312461853027,0.24744614958763123
kinetics_mini,train/bowling/-WyrUbKbzw8_000006_000016,corrected,0.05,32,2.171769380569458,0.3196413815021515
kinetics_mini,train/bowling/-WyrUbKbzw8_000006_000016,corrected,0.1,2,2.428945541381836,0.2462197244167328
kinetics_mini,train/bowling/-WyrUbKbzw8_000006_000016,corrected,0.1,4,2.414513349533081,0.24495595693588257
kinetics_mini,train/bowling/-WyrUbKbzw8_000006_000016,corrected,0.1,6,2.4291651248931885,0.23974916338920593
kinetics_mini,train/bowling/-WyrUbKbzw8_000006_000016,corrected,0.1,8,2.3812921047210693,0.24053582549095154
kinetics_mini,train/bowling/-WyrUbKbzw8_000006_000016,corrected,0.1,12,2.3075733184814453,0.24184072017669678
kinetics_mini,train/bowling/-WyrUbKbzw8_000006_000016,corrected,0.1,16,2.1573309898376465,0.23931024968624115
kinetics_mini,train/bowling/-WyrUbKbzw8_000006_000016,corrected,0.1,24,2.164684295654297,0.2475256323814392
kinetics_mini,train/bowling/-WyrUbKbzw8_000006_000016,corrected,0.1,32,2.172595500946045,0.31973356008529663
kinetics_mini,train/bowling/-WyrUbKbzw8_000006_000016,corrected,0.2,2,2.427875518798828,0.24652084708213806
kinetics_mini,train/bowling/-WyrUbKbzw8_000006_000016,corrected,0.2,4,2.414314031600952,0.24522282183170319
kinetics_mini,train/bowling/-WyrUbKbzw8_000006_000016,corrected,0.2,6,2.428457260131836,0.23984967172145844
kinetics_mini,train/bowling/-WyrUbKbzw8_000006_000016,corrected,0.2,8,2.3817076683044434,0.2406330704689026
kinetics_mini,train/bowling/-WyrUbKbzw8_000006_000016,corrected,0.2,12,2.3119826316833496,0.24197031557559967
kinetics_mini,train/bowling/-WyrUbKbzw8_000006_000016,corrected,0.2,16,2.1610617637634277,0.23945370316505432
kinetics_mini,train/bowling/-WyrUbKbzw8_000006_000016,corrected,0.2,24,2.163597583770752,0.24767425656318665
kinetics_mini,train/bowling/-WyrUbKbzw8_000006_000016,corrected,0.2,32,2.1759767532348633,0.320153146982193
kinetics_mini,train/bowling/-WyrUbKbzw8_000006_000016,corrected,0.4,2,2.4444971084594727,0.24694228172302246
kinetics_mini,train/bowling/-WyrUbKbzw8_000006_000016,corrected,0.4,4,2.423853874206543,0.24562862515449524
kinetics_mini,train/bowling/-WyrUbKbzw8_000006_000016,corrected,0.4,6,2.435685157775879,0.24057583510875702
kinetics_mini,train/bowling/-WyrUbKbzw8_000006_000016,corrected,0.4,8,2.3881044387817383,0.24131092429161072
kinetics_mini,train/bowling/-WyrUbKbzw8_000006_000016,corrected,0.4,12,2.299060106277466,0.2423783391714096
kinetics_mini,train/bowling/-WyrUbKbzw8_000006_000016,corrected,0.4,16,2.1445579528808594,0.23983824253082275
kinetics_mini,train/bowling/-WyrUbKbzw8_000006_000016,corrected,0.4,24,2.1473827362060547,0.24794483184814453
kinetics_mini,train/bowling/-WyrUbKbzw8_000006_000016,corrected,0.4,32,2.163252115249634,0.32038119435310364
kinetics_mini,train/bowling/-WyrUbKbzw8_000006_000016,corrected,0.8,2,2.4616665840148926,0.24516138434410095
kinetics_mini,train/bowling/-WyrUbKbzw8_000006_000016,corrected,0.8,4,2.436232089996338,0.2438686490058899
kinetics_mini,train/bowling/-WyrUbKbzw8_000006_000016,corrected,0.8,6,2.446213722229004,0.237990140914917
kinetics_mini,train/bowling/-WyrUbKbzw8_000006_000016,corrected,0.8,8,2.404439926147461,0.23881658911705017
kinetics_mini,train/bowling/-WyrUbKbzw8_000006_000016,corrected,0.8,12,2.3486766815185547,0.240200474858284
kinetics_mini,train/bowling/-WyrUbKbzw8_000006_000016,corrected,0.8,16,2.191323757171631,0.23814351856708527
kinetics_mini,train/bowling/-WyrUbKbzw8_000006_000016,corrected,0.8,24,2.1778416633605957,0.2459827959537506
kinetics_mini,train/bowling/-WyrUbKbzw8_000006_000016,corrected,0.8,32,2.1797690391540527,0.31804314255714417
